[
{
  "model": "admin.logentry",
  "pk": 1,
  "fields": {
    "action_time": "2024-07-08T07:00:20.530Z",
    "user": 1,
    "content_type": 4,
    "object_id": "2",
    "object_repr": "MushroomHunter",
    "action_flag": 1,
    "change_message": "[{\"added\": {}}]"
  }
},
{
  "model": "admin.logentry",
  "pk": 2,
  "fields": {
    "action_time": "2024-07-08T07:00:45.891Z",
    "user": 1,
    "content_type": 4,
    "object_id": "3",
    "object_repr": "NatureLover22",
    "action_flag": 1,
    "change_message": "[{\"added\": {}}]"
  }
},
{
  "model": "admin.logentry",
  "pk": 3,
  "fields": {
    "action_time": "2024-07-08T07:01:03.897Z",
    "user": 1,
    "content_type": 4,
    "object_id": "4",
    "object_repr": "ForestExplorer",
    "action_flag": 1,
    "change_message": "[{\"added\": {}}]"
  }
},
{
  "model": "admin.logentry",
  "pk": 4,
  "fields": {
    "action_time": "2024-07-08T07:01:16.690Z",
    "user": 1,
    "content_type": 4,
    "object_id": "5",
    "object_repr": "ShroomMaster",
    "action_flag": 1,
    "change_message": "[{\"added\": {}}]"
  }
},
{
  "model": "admin.logentry",
  "pk": 5,
  "fields": {
    "action_time": "2024-07-08T07:01:32.372Z",
    "user": 1,
    "content_type": 4,
    "object_id": "6",
    "object_repr": "MycoFanatic",
    "action_flag": 1,
    "change_message": "[{\"added\": {}}]"
  }
},
{
  "model": "admin.logentry",
  "pk": 6,
  "fields": {
    "action_time": "2024-07-08T07:01:50.537Z",
    "user": 1,
    "content_type": 4,
    "object_id": "7",
    "object_repr": "FungiFreak",
    "action_flag": 1,
    "change_message": "[{\"added\": {}}]"
  }
},
{
  "model": "admin.logentry",
  "pk": 7,
  "fields": {
    "action_time": "2024-07-08T07:20:23.028Z",
    "user": 1,
    "content_type": 7,
    "object_id": "1",
    "object_repr": "Listantý les",
    "action_flag": 1,
    "change_message": "[{\"added\": {}}]"
  }
},
{
  "model": "admin.logentry",
  "pk": 8,
  "fields": {
    "action_time": "2024-07-08T07:21:27.429Z",
    "user": 1,
    "content_type": 7,
    "object_id": "1",
    "object_repr": "Smíšený les",
    "action_flag": 2,
    "change_message": "[{\"changed\": {\"fields\": [\"Name\"]}}]"
  }
},
{
  "model": "admin.logentry",
  "pk": 9,
  "fields": {
    "action_time": "2024-07-08T07:21:45.055Z",
    "user": 1,
    "content_type": 7,
    "object_id": "2",
    "object_repr": "Listnatý les",
    "action_flag": 1,
    "change_message": "[{\"added\": {}}]"
  }
},
{
  "model": "admin.logentry",
  "pk": 10,
  "fields": {
    "action_time": "2024-07-08T07:21:59.058Z",
    "user": 1,
    "content_type": 7,
    "object_id": "3",
    "object_repr": "Pastviny a louky",
    "action_flag": 1,
    "change_message": "[{\"added\": {}}]"
  }
},
{
  "model": "admin.logentry",
  "pk": 11,
  "fields": {
    "action_time": "2024-07-08T07:22:03.689Z",
    "user": 1,
    "content_type": 7,
    "object_id": "4",
    "object_repr": "Na kmenu nebo kořenu listnatých stromů",
    "action_flag": 1,
    "change_message": "[{\"added\": {}}]"
  }
},
{
  "model": "admin.logentry",
  "pk": 12,
  "fields": {
    "action_time": "2024-07-08T07:22:12.949Z",
    "user": 1,
    "content_type": 7,
    "object_id": "5",
    "object_repr": "Pastviny a louky",
    "action_flag": 1,
    "change_message": "[{\"added\": {}}]"
  }
},
{
  "model": "admin.logentry",
  "pk": 13,
  "fields": {
    "action_time": "2024-07-08T07:22:36.843Z",
    "user": 1,
    "content_type": 7,
    "object_id": "6",
    "object_repr": "Louky a paseky v lesích",
    "action_flag": 1,
    "change_message": "[{\"added\": {}}]"
  }
},
{
  "model": "admin.logentry",
  "pk": 14,
  "fields": {
    "action_time": "2024-07-08T07:23:11.857Z",
    "user": 1,
    "content_type": 7,
    "object_id": "7",
    "object_repr": "Jehličnatý les",
    "action_flag": 1,
    "change_message": "[{\"added\": {}}]"
  }
},
{
  "model": "admin.logentry",
  "pk": 15,
  "fields": {
    "action_time": "2024-07-08T07:30:00.299Z",
    "user": 1,
    "content_type": 6,
    "object_id": "1",
    "object_repr": "Lupenotvaré",
    "action_flag": 1,
    "change_message": "[{\"added\": {}}]"
  }
},
{
  "model": "admin.logentry",
  "pk": 16,
  "fields": {
    "action_time": "2024-07-08T07:30:49.591Z",
    "user": 1,
    "content_type": 6,
    "object_id": "2",
    "object_repr": "Hřibotvaré",
    "action_flag": 1,
    "change_message": "[{\"added\": {}}]"
  }
},
{
  "model": "admin.logentry",
  "pk": 17,
  "fields": {
    "action_time": "2024-07-08T07:31:38.186Z",
    "user": 1,
    "content_type": 6,
    "object_id": "3",
    "object_repr": "Chorošotvaré",
    "action_flag": 1,
    "change_message": "[{\"added\": {}}]"
  }
},
{
  "model": "admin.logentry",
  "pk": 18,
  "fields": {
    "action_time": "2024-07-08T07:32:36.698Z",
    "user": 1,
    "content_type": 6,
    "object_id": "4",
    "object_repr": "Holubinkotvaré",
    "action_flag": 1,
    "change_message": "[{\"added\": {}}]"
  }
},
{
  "model": "admin.logentry",
  "pk": 19,
  "fields": {
    "action_time": "2024-07-08T07:39:52.371Z",
    "user": 1,
    "content_type": 6,
    "object_id": "5",
    "object_repr": "Liškotvaré",
    "action_flag": 1,
    "change_message": "[{\"added\": {}}]"
  }
},
{
  "model": "admin.logentry",
  "pk": 20,
  "fields": {
    "action_time": "2024-07-08T07:55:53.497Z",
    "user": 1,
    "content_type": 8,
    "object_id": "1",
    "object_repr": "Hřib smrkový (Boletus edulis) - Jedlá",
    "action_flag": 1,
    "change_message": "[{\"added\": {}}]"
  }
},
{
  "model": "admin.logentry",
  "pk": 21,
  "fields": {
    "action_time": "2024-07-08T07:57:32.257Z",
    "user": 1,
    "content_type": 8,
    "object_id": "2",
    "object_repr": "Hřib kovář (Boletus erythropus) - Jedlá",
    "action_flag": 1,
    "change_message": "[{\"added\": {}}]"
  }
},
{
  "model": "admin.logentry",
  "pk": 22,
  "fields": {
    "action_time": "2024-07-08T07:59:18.464Z",
    "user": 1,
    "content_type": 8,
    "object_id": "3",
    "object_repr": "Hřib žlučník (Tylopilus felleus) - Nejedlá",
    "action_flag": 1,
    "change_message": "[{\"added\": {}}]"
  }
},
{
  "model": "admin.logentry",
  "pk": 23,
  "fields": {
    "action_time": "2024-07-08T08:05:12.477Z",
    "user": 1,
    "content_type": 8,
    "object_id": "4",
    "object_repr": "Lišák zprohýbaný (Hydnum repandum) - Jedlá",
    "action_flag": 1,
    "change_message": "[{\"added\": {}}]"
  }
},
{
  "model": "admin.logentry",
  "pk": 24,
  "fields": {
    "action_time": "2024-07-08T08:08:07.724Z",
    "user": 1,
    "content_type": 8,
    "object_id": "5",
    "object_repr": "Lišák ryšavý (Hydnum rufescens) - Jedlá",
    "action_flag": 1,
    "change_message": "[{\"added\": {}}]"
  }
},
{
  "model": "admin.logentry",
  "pk": 25,
  "fields": {
    "action_time": "2024-07-08T08:27:22.935Z",
    "user": 1,
    "content_type": 8,
    "object_id": "6",
    "object_repr": "Liška obecná (Cantharellus cibarius) - Jedlá",
    "action_flag": 1,
    "change_message": "[{\"added\": {}}]"
  }
},
{
  "model": "admin.logentry",
  "pk": 26,
  "fields": {
    "action_time": "2024-07-08T08:31:14.265Z",
    "user": 1,
    "content_type": 8,
    "object_id": "7",
    "object_repr": "Choroš šupinatý (Polyporus squamosus) - Jedlá",
    "action_flag": 1,
    "change_message": "[{\"added\": {}}]"
  }
},
{
  "model": "admin.logentry",
  "pk": 27,
  "fields": {
    "action_time": "2024-07-08T08:33:48.791Z",
    "user": 1,
    "content_type": 8,
    "object_id": "8",
    "object_repr": "Troudnatec kopytovitý (Fomes fomentarius) - Nejedlá",
    "action_flag": 1,
    "change_message": "[{\"added\": {}}]"
  }
},
{
  "model": "admin.logentry",
  "pk": 28,
  "fields": {
    "action_time": "2024-07-08T08:36:01.802Z",
    "user": 1,
    "content_type": 8,
    "object_id": "9",
    "object_repr": "Choroš oříš (Polyporus umbellatus) - Nejedlá",
    "action_flag": 1,
    "change_message": "[{\"added\": {}}]"
  }
},
{
  "model": "admin.logentry",
  "pk": 29,
  "fields": {
    "action_time": "2024-07-08T08:41:33.480Z",
    "user": 1,
    "content_type": 6,
    "object_id": "6",
    "object_repr": "Pečárkovité",
    "action_flag": 1,
    "change_message": "[{\"added\": {}}]"
  }
},
{
  "model": "admin.logentry",
  "pk": 30,
  "fields": {
    "action_time": "2024-07-08T08:45:04.693Z",
    "user": 1,
    "content_type": 8,
    "object_id": "10",
    "object_repr": "Žampion polní (Agaricus campestris) - Jedlá",
    "action_flag": 1,
    "change_message": "[{\"added\": {}}]"
  }
},
{
  "model": "admin.logentry",
  "pk": 31,
  "fields": {
    "action_time": "2024-07-08T08:45:34.311Z",
    "user": 1,
    "content_type": 7,
    "object_id": "3",
    "object_repr": "Pastviny a louky",
    "action_flag": 3,
    "change_message": ""
  }
},
{
  "model": "admin.logentry",
  "pk": 32,
  "fields": {
    "action_time": "2024-07-08T08:46:04.216Z",
    "user": 1,
    "content_type": 7,
    "object_id": "5",
    "object_repr": "Pastviny a louky",
    "action_flag": 3,
    "change_message": ""
  }
},
{
  "model": "admin.logentry",
  "pk": 33,
  "fields": {
    "action_time": "2024-07-08T08:47:30.481Z",
    "user": 1,
    "content_type": 8,
    "object_id": "9",
    "object_repr": "Choroš oříš (Polyporus umbellatus) - Nejedlá",
    "action_flag": 2,
    "change_message": "[{\"changed\": {\"fields\": [\"Habitats\"]}}]"
  }
},
{
  "model": "admin.logentry",
  "pk": 34,
  "fields": {
    "action_time": "2024-07-08T08:47:47.691Z",
    "user": 1,
    "content_type": 8,
    "object_id": "7",
    "object_repr": "Choroš šupinatý (Polyporus squamosus) - Jedlá",
    "action_flag": 2,
    "change_message": "[{\"changed\": {\"fields\": [\"Habitats\"]}}]"
  }
},
{
  "model": "admin.logentry",
  "pk": 35,
  "fields": {
    "action_time": "2024-07-08T08:49:43.404Z",
    "user": 1,
    "content_type": 8,
    "object_id": "11",
    "object_repr": "Bedla vysoká (Macrolepiota procera) - Jedlá",
    "action_flag": 1,
    "change_message": "[{\"added\": {}}]"
  }
},
{
  "model": "admin.logentry",
  "pk": 36,
  "fields": {
    "action_time": "2024-07-08T08:50:59.147Z",
    "user": 1,
    "content_type": 8,
    "object_id": "12",
    "object_repr": "Muchomůrka červená (Amanita muscaria) - Jedovatá",
    "action_flag": 1,
    "change_message": "[{\"added\": {}}]"
  }
},
{
  "model": "admin.logentry",
  "pk": 37,
  "fields": {
    "action_time": "2024-07-08T08:52:54.247Z",
    "user": 1,
    "content_type": 8,
    "object_id": "13",
    "object_repr": "Holubinka nazelenalá (Russula virescens) - Jedlá",
    "action_flag": 1,
    "change_message": "[{\"added\": {}}]"
  }
},
{
  "model": "admin.logentry",
  "pk": 38,
  "fields": {
    "action_time": "2024-07-08T08:55:01.454Z",
    "user": 1,
    "content_type": 8,
    "object_id": "14",
    "object_repr": "Holubinka mandlová (Russula vesca) - Jedlá",
    "action_flag": 1,
    "change_message": "[{\"added\": {}}]"
  }
},
{
  "model": "admin.logentry",
  "pk": 39,
  "fields": {
    "action_time": "2024-07-08T08:55:19.512Z",
    "user": 1,
    "content_type": 8,
    "object_id": "14",
    "object_repr": "Holubinka mandlová (Russula vesca) - Jedlá",
    "action_flag": 2,
    "change_message": "[{\"changed\": {\"fields\": [\"Habitats\"]}}]"
  }
},
{
  "model": "admin.logentry",
  "pk": 40,
  "fields": {
    "action_time": "2024-07-08T08:56:19.531Z",
    "user": 1,
    "content_type": 8,
    "object_id": "15",
    "object_repr": "Holubinka hlínožlutá (Russula ochroleuca) - Jedlá",
    "action_flag": 1,
    "change_message": "[{\"added\": {}}]"
  }
},
{
  "model": "admin.logentry",
  "pk": 41,
  "fields": {
    "action_time": "2024-07-08T09:09:43.825Z",
    "user": 1,
    "content_type": 6,
    "object_id": "6",
    "object_repr": "Lupenotvaré - Pečárkovité",
    "action_flag": 2,
    "change_message": "[{\"changed\": {\"fields\": [\"Name\"]}}]"
  }
},
{
  "model": "admin.logentry",
  "pk": 42,
  "fields": {
    "action_time": "2024-07-08T09:17:11.203Z",
    "user": 1,
    "content_type": 6,
    "object_id": "1",
    "object_repr": "Lupenotvaré - Mochomůrkovité",
    "action_flag": 2,
    "change_message": "[{\"changed\": {\"fields\": [\"Name\", \"Name latin\", \"Description\"]}}]"
  }
},
{
  "model": "admin.logentry",
  "pk": 43,
  "fields": {
    "action_time": "2024-07-08T09:17:22.408Z",
    "user": 1,
    "content_type": 8,
    "object_id": "12",
    "object_repr": "Muchomůrka červená (Amanita muscaria) - Jedovatá",
    "action_flag": 2,
    "change_message": "[{\"changed\": {\"fields\": [\"Family\"]}}]"
  }
},
{
  "model": "admin.logentry",
  "pk": 44,
  "fields": {
    "action_time": "2024-07-08T09:19:04.963Z",
    "user": 1,
    "content_type": 7,
    "object_id": "8",
    "object_repr": "Jiné",
    "action_flag": 1,
    "change_message": "[{\"added\": {}}]"
  }
},
{
  "model": "admin.logentry",
  "pk": 45,
  "fields": {
    "action_time": "2024-07-08T09:19:16.893Z",
    "user": 1,
    "content_type": 8,
    "object_id": "16",
    "object_repr": "1. Muchomůrka růžovka (Amanita rubescens) - Jedlá",
    "action_flag": 1,
    "change_message": "[{\"added\": {}}]"
  }
},
{
  "model": "admin.logentry",
  "pk": 46,
  "fields": {
    "action_time": "2024-07-08T09:21:25.559Z",
    "user": 1,
    "content_type": 8,
    "object_id": "16",
    "object_repr": "Muchomůrka růžovka (Amanita rubescens) - Jedlá",
    "action_flag": 2,
    "change_message": "[{\"changed\": {\"fields\": [\"Name cz\", \"Habitats\", \"Image\"]}}]"
  }
},
{
  "model": "admin.logentry",
  "pk": 47,
  "fields": {
    "action_time": "2024-07-08T09:23:39.505Z",
    "user": 1,
    "content_type": 8,
    "object_id": "17",
    "object_repr": "Muchomůrka tygrovaná (Amanita pantherina) - Jedovatá",
    "action_flag": 1,
    "change_message": "[{\"added\": {}}]"
  }
},
{
  "model": "admin.logentry",
  "pk": 48,
  "fields": {
    "action_time": "2024-07-08T09:33:00.554Z",
    "user": 1,
    "content_type": 8,
    "object_id": "18",
    "object_repr": "Kotrč kadeřavý (Sparassis crispa) - Jedlá",
    "action_flag": 1,
    "change_message": "[{\"added\": {}}]"
  }
},
{
  "model": "admin.logentry",
  "pk": 49,
  "fields": {
    "action_time": "2024-07-08T09:42:31.390Z",
    "user": 1,
    "content_type": 4,
    "object_id": "4",
    "object_repr": "ForestExplorer",
    "action_flag": 2,
    "change_message": "[{\"changed\": {\"fields\": [\"First name\", \"Last name\", \"Email address\"]}}]"
  }
},
{
  "model": "admin.logentry",
  "pk": 50,
  "fields": {
    "action_time": "2024-07-08T09:43:25.999Z",
    "user": 1,
    "content_type": 4,
    "object_id": "7",
    "object_repr": "FungiFreak",
    "action_flag": 2,
    "change_message": "[{\"changed\": {\"fields\": [\"First name\", \"Last name\", \"Email address\"]}}]"
  }
},
{
  "model": "admin.logentry",
  "pk": 51,
  "fields": {
    "action_time": "2024-07-08T09:44:28.092Z",
    "user": 1,
    "content_type": 10,
    "object_id": "1",
    "object_repr": "ForestExplorer",
    "action_flag": 1,
    "change_message": "[{\"added\": {}}]"
  }
},
{
  "model": "admin.logentry",
  "pk": 52,
  "fields": {
    "action_time": "2024-07-08T09:45:13.089Z",
    "user": 1,
    "content_type": 10,
    "object_id": "2",
    "object_repr": "FungiFreak",
    "action_flag": 1,
    "change_message": "[{\"added\": {}}]"
  }
},
{
  "model": "admin.logentry",
  "pk": 53,
  "fields": {
    "action_time": "2024-07-08T09:45:49.138Z",
    "user": 1,
    "content_type": 10,
    "object_id": "3",
    "object_repr": "MushroomHunter",
    "action_flag": 1,
    "change_message": "[{\"added\": {}}]"
  }
},
{
  "model": "admin.logentry",
  "pk": 54,
  "fields": {
    "action_time": "2024-07-08T09:46:13.100Z",
    "user": 1,
    "content_type": 10,
    "object_id": "4",
    "object_repr": "MycoFanatic",
    "action_flag": 1,
    "change_message": "[{\"added\": {}}]"
  }
},
{
  "model": "admin.logentry",
  "pk": 55,
  "fields": {
    "action_time": "2024-07-08T09:46:26.602Z",
    "user": 1,
    "content_type": 10,
    "object_id": "3",
    "object_repr": "MushroomHunter",
    "action_flag": 2,
    "change_message": "[{\"changed\": {\"fields\": [\"Profile picture\"]}}]"
  }
},
{
  "model": "admin.logentry",
  "pk": 56,
  "fields": {
    "action_time": "2024-07-08T09:46:40.968Z",
    "user": 1,
    "content_type": 10,
    "object_id": "4",
    "object_repr": "MycoFanatic",
    "action_flag": 2,
    "change_message": "[]"
  }
},
{
  "model": "admin.logentry",
  "pk": 57,
  "fields": {
    "action_time": "2024-07-08T09:52:34.971Z",
    "user": 1,
    "content_type": 10,
    "object_id": "5",
    "object_repr": "NatureLover22",
    "action_flag": 1,
    "change_message": "[{\"added\": {}}]"
  }
},
{
  "model": "admin.logentry",
  "pk": 58,
  "fields": {
    "action_time": "2024-07-08T09:57:31.127Z",
    "user": 1,
    "content_type": 10,
    "object_id": "6",
    "object_repr": "ShroomMaster",
    "action_flag": 1,
    "change_message": "[{\"added\": {}}]"
  }
},
{
  "model": "admin.logentry",
  "pk": 59,
  "fields": {
    "action_time": "2024-07-08T09:58:23.721Z",
    "user": 1,
    "content_type": 4,
    "object_id": "7",
    "object_repr": "FungiFreak",
    "action_flag": 2,
    "change_message": "[{\"changed\": {\"fields\": [\"First name\", \"Last name\", \"Email address\"]}}]"
  }
},
{
  "model": "admin.logentry",
  "pk": 60,
  "fields": {
    "action_time": "2024-07-08T09:59:04.271Z",
    "user": 1,
    "content_type": 4,
    "object_id": "2",
    "object_repr": "MushroomHunter",
    "action_flag": 2,
    "change_message": "[{\"changed\": {\"fields\": [\"First name\", \"Last name\", \"Email address\"]}}]"
  }
},
{
  "model": "admin.logentry",
  "pk": 61,
  "fields": {
    "action_time": "2024-07-08T09:59:17.319Z",
    "user": 1,
    "content_type": 10,
    "object_id": "3",
    "object_repr": "MushroomHunter",
    "action_flag": 2,
    "change_message": "[{\"changed\": {\"fields\": [\"Biography\"]}}]"
  }
},
{
  "model": "admin.logentry",
  "pk": 62,
  "fields": {
    "action_time": "2024-07-08T10:00:09.298Z",
    "user": 1,
    "content_type": 4,
    "object_id": "6",
    "object_repr": "MycoFanatic",
    "action_flag": 2,
    "change_message": "[{\"changed\": {\"fields\": [\"First name\", \"Last name\", \"Email address\"]}}]"
  }
},
{
  "model": "admin.logentry",
  "pk": 63,
  "fields": {
    "action_time": "2024-07-08T10:00:40.523Z",
    "user": 1,
    "content_type": 4,
    "object_id": "3",
    "object_repr": "NatureLover22",
    "action_flag": 2,
    "change_message": "[{\"changed\": {\"fields\": [\"First name\", \"Last name\", \"Email address\"]}}]"
  }
},
{
  "model": "admin.logentry",
  "pk": 64,
  "fields": {
    "action_time": "2024-07-08T10:01:32.463Z",
    "user": 1,
    "content_type": 4,
    "object_id": "3",
    "object_repr": "NatureLover22",
    "action_flag": 2,
    "change_message": "[{\"changed\": {\"fields\": [\"First name\", \"Last name\", \"Email address\"]}}]"
  }
},
{
  "model": "admin.logentry",
  "pk": 65,
  "fields": {
    "action_time": "2024-07-08T10:01:57.676Z",
    "user": 1,
    "content_type": 4,
    "object_id": "5",
    "object_repr": "ShroomMaster",
    "action_flag": 2,
    "change_message": "[{\"changed\": {\"fields\": [\"First name\", \"Last name\", \"Email address\"]}}]"
  }
},
{
  "model": "admin.logentry",
  "pk": 66,
  "fields": {
    "action_time": "2024-07-08T10:17:51.095Z",
    "user": 1,
    "content_type": 13,
    "object_id": "1",
    "object_repr": "Finding of Bedla vysoká by ForestExplorer",
    "action_flag": 1,
    "change_message": "[{\"added\": {}}]"
  }
},
{
  "model": "admin.logentry",
  "pk": 67,
  "fields": {
    "action_time": "2024-07-08T10:19:05.294Z",
    "user": 1,
    "content_type": 13,
    "object_id": "2",
    "object_repr": "Finding of Choroš oříš by FungiFreak",
    "action_flag": 1,
    "change_message": "[{\"added\": {}}]"
  }
},
{
  "model": "admin.logentry",
  "pk": 68,
  "fields": {
    "action_time": "2024-07-08T10:20:35.338Z",
    "user": 1,
    "content_type": 13,
    "object_id": "3",
    "object_repr": "Finding of Choroš šupinatý by MycoFanatic",
    "action_flag": 1,
    "change_message": "[{\"added\": {}}]"
  }
},
{
  "model": "admin.logentry",
  "pk": 69,
  "fields": {
    "action_time": "2024-07-08T10:21:54.728Z",
    "user": 1,
    "content_type": 13,
    "object_id": "4",
    "object_repr": "Finding of Holubinka hlínožlutá by ShroomMaster",
    "action_flag": 1,
    "change_message": "[{\"added\": {}}]"
  }
},
{
  "model": "admin.logentry",
  "pk": 70,
  "fields": {
    "action_time": "2024-07-08T10:23:05.858Z",
    "user": 1,
    "content_type": 13,
    "object_id": "5",
    "object_repr": "Finding of Holubinka mandlová by NatureLover22",
    "action_flag": 1,
    "change_message": "[{\"added\": {}}]"
  }
},
{
  "model": "admin.logentry",
  "pk": 71,
  "fields": {
    "action_time": "2024-07-08T10:24:16.602Z",
    "user": 1,
    "content_type": 13,
    "object_id": "6",
    "object_repr": "Finding of Holubinka nazelenalá by NatureLover22",
    "action_flag": 1,
    "change_message": "[{\"added\": {}}]"
  }
},
{
  "model": "admin.logentry",
  "pk": 72,
  "fields": {
    "action_time": "2024-07-08T10:25:12.965Z",
    "user": 1,
    "content_type": 13,
    "object_id": "7",
    "object_repr": "Finding of Hřib kovář by NatureLover22",
    "action_flag": 1,
    "change_message": "[{\"added\": {}}]"
  }
},
{
  "model": "admin.logentry",
  "pk": 73,
  "fields": {
    "action_time": "2024-07-08T10:27:58.748Z",
    "user": 1,
    "content_type": 4,
    "object_id": "1",
    "object_repr": "admin",
    "action_flag": 2,
    "change_message": "[{\"changed\": {\"fields\": [\"User permissions\"]}}]"
  }
},
{
  "model": "admin.logentry",
  "pk": 74,
  "fields": {
    "action_time": "2024-07-08T10:28:35.395Z",
    "user": 1,
    "content_type": 13,
    "object_id": "7",
    "object_repr": "Finding of Hřib kovář by NatureLover22",
    "action_flag": 2,
    "change_message": "[{\"changed\": {\"fields\": [\"Date found\"]}}]"
  }
},
{
  "model": "admin.logentry",
  "pk": 75,
  "fields": {
    "action_time": "2024-07-08T10:28:47.481Z",
    "user": 1,
    "content_type": 13,
    "object_id": "6",
    "object_repr": "Finding of Holubinka nazelenalá by NatureLover22",
    "action_flag": 2,
    "change_message": "[{\"changed\": {\"fields\": [\"Date found\"]}}]"
  }
},
{
  "model": "admin.logentry",
  "pk": 76,
  "fields": {
    "action_time": "2024-07-08T10:29:04.914Z",
    "user": 1,
    "content_type": 13,
    "object_id": "5",
    "object_repr": "Finding of Holubinka mandlová by NatureLover22",
    "action_flag": 2,
    "change_message": "[{\"changed\": {\"fields\": [\"Description\", \"Date found\"]}}]"
  }
},
{
  "model": "admin.logentry",
  "pk": 77,
  "fields": {
    "action_time": "2024-07-08T10:29:23.082Z",
    "user": 1,
    "content_type": 13,
    "object_id": "4",
    "object_repr": "Finding of Holubinka hlínožlutá by ShroomMaster",
    "action_flag": 2,
    "change_message": "[{\"changed\": {\"fields\": [\"Description\", \"Date found\"]}}]"
  }
},
{
  "model": "admin.logentry",
  "pk": 78,
  "fields": {
    "action_time": "2024-07-08T10:29:37.776Z",
    "user": 1,
    "content_type": 13,
    "object_id": "3",
    "object_repr": "Finding of Choroš šupinatý by MycoFanatic",
    "action_flag": 2,
    "change_message": "[]"
  }
},
{
  "model": "admin.logentry",
  "pk": 79,
  "fields": {
    "action_time": "2024-07-08T10:29:56.930Z",
    "user": 1,
    "content_type": 13,
    "object_id": "1",
    "object_repr": "Finding of Bedla vysoká by ForestExplorer",
    "action_flag": 2,
    "change_message": "[{\"changed\": {\"fields\": [\"Description\", \"Date found\"]}}]"
  }
},
{
  "model": "admin.logentry",
  "pk": 80,
  "fields": {
    "action_time": "2024-07-08T10:35:00.781Z",
    "user": 1,
    "content_type": 13,
    "object_id": "8",
    "object_repr": "Finding of Hřib smrkový by ShroomMaster",
    "action_flag": 1,
    "change_message": "[{\"added\": {}}]"
  }
},
{
  "model": "admin.logentry",
  "pk": 81,
  "fields": {
    "action_time": "2024-07-08T10:36:27.452Z",
    "user": 1,
    "content_type": 13,
    "object_id": "9",
    "object_repr": "Finding of Hřib žlučník by ShroomMaster",
    "action_flag": 1,
    "change_message": "[{\"added\": {}}]"
  }
},
{
  "model": "admin.logentry",
  "pk": 82,
  "fields": {
    "action_time": "2024-07-08T10:38:26.141Z",
    "user": 1,
    "content_type": 13,
    "object_id": "10",
    "object_repr": "Finding of Kotrč kadeřavý by ForestExplorer",
    "action_flag": 1,
    "change_message": "[{\"added\": {}}]"
  }
},
{
  "model": "admin.logentry",
  "pk": 83,
  "fields": {
    "action_time": "2024-07-08T10:39:38.093Z",
    "user": 1,
    "content_type": 13,
    "object_id": "11",
    "object_repr": "Finding of Liška obecná by MushroomHunter",
    "action_flag": 1,
    "change_message": "[{\"added\": {}}]"
  }
},
{
  "model": "admin.logentry",
  "pk": 84,
  "fields": {
    "action_time": "2024-07-08T10:40:37.556Z",
    "user": 1,
    "content_type": 13,
    "object_id": "12",
    "object_repr": "Finding of Lišák zprohýbaný by MushroomHunter",
    "action_flag": 1,
    "change_message": "[{\"added\": {}}]"
  }
},
{
  "model": "admin.logentry",
  "pk": 85,
  "fields": {
    "action_time": "2024-07-08T10:42:53.181Z",
    "user": 1,
    "content_type": 13,
    "object_id": "13",
    "object_repr": "Finding of Muchomůrka růžovka by MycoFanatic",
    "action_flag": 1,
    "change_message": "[{\"added\": {}}]"
  }
},
{
  "model": "admin.logentry",
  "pk": 86,
  "fields": {
    "action_time": "2024-07-08T10:48:12.862Z",
    "user": 1,
    "content_type": 13,
    "object_id": "14",
    "object_repr": "Finding of Muchomůrka tygrovaná by NatureLover22",
    "action_flag": 1,
    "change_message": "[{\"added\": {}}]"
  }
},
{
  "model": "admin.logentry",
  "pk": 87,
  "fields": {
    "action_time": "2024-07-08T10:50:17.651Z",
    "user": 1,
    "content_type": 13,
    "object_id": "14",
    "object_repr": "Finding of Muchomůrka tygrovaná by NatureLover22",
    "action_flag": 2,
    "change_message": "[{\"changed\": {\"fields\": [\"Description\"]}}]"
  }
},
{
  "model": "admin.logentry",
  "pk": 88,
  "fields": {
    "action_time": "2024-07-08T10:51:08.503Z",
    "user": 1,
    "content_type": 13,
    "object_id": "15",
    "object_repr": "Finding of Muchomůrka červená by MycoFanatic",
    "action_flag": 1,
    "change_message": "[{\"added\": {}}]"
  }
},
{
  "model": "admin.logentry",
  "pk": 89,
  "fields": {
    "action_time": "2024-07-08T10:52:19.833Z",
    "user": 1,
    "content_type": 13,
    "object_id": "16",
    "object_repr": "Finding of Troudnatec kopytovitý by FungiFreak",
    "action_flag": 1,
    "change_message": "[{\"added\": {}}]"
  }
},
{
  "model": "admin.logentry",
  "pk": 90,
  "fields": {
    "action_time": "2024-07-08T10:53:06.779Z",
    "user": 1,
    "content_type": 13,
    "object_id": "17",
    "object_repr": "Finding of Žampion polní by MushroomHunter",
    "action_flag": 1,
    "change_message": "[{\"added\": {}}]"
  }
},
{
  "model": "admin.logentry",
  "pk": 91,
  "fields": {
    "action_time": "2024-07-08T11:02:17.549Z",
    "user": 1,
    "content_type": 13,
    "object_id": "17",
    "object_repr": "Finding of Žampion polní by MushroomHunter",
    "action_flag": 2,
    "change_message": "[{\"changed\": {\"fields\": [\"Description\"]}}]"
  }
},
{
  "model": "admin.logentry",
  "pk": 92,
  "fields": {
    "action_time": "2024-07-08T11:02:39.667Z",
    "user": 1,
    "content_type": 14,
    "object_id": "1",
    "object_repr": "Comment by MushroomHunter on Finding of Žampion polní by MushroomHunter",
    "action_flag": 1,
    "change_message": "[{\"added\": {}}]"
  }
},
{
  "model": "admin.logentry",
  "pk": 93,
  "fields": {
    "action_time": "2024-07-08T11:13:52.699Z",
    "user": 1,
    "content_type": 13,
    "object_id": "16",
    "object_repr": "Finding of Troudnatec kopytovitý by FungiFreak",
    "action_flag": 2,
    "change_message": "[{\"changed\": {\"fields\": [\"Description\"]}}]"
  }
},
{
  "model": "admin.logentry",
  "pk": 94,
  "fields": {
    "action_time": "2024-07-08T11:14:21.114Z",
    "user": 1,
    "content_type": 14,
    "object_id": "2",
    "object_repr": "Comment by FungiFreak on Finding of Troudnatec kopytovitý by FungiFreak",
    "action_flag": 1,
    "change_message": "[{\"added\": {}}]"
  }
},
{
  "model": "admin.logentry",
  "pk": 95,
  "fields": {
    "action_time": "2024-07-08T11:14:28.600Z",
    "user": 1,
    "content_type": 13,
    "object_id": "17",
    "object_repr": "Finding of Žampion polní by MushroomHunter",
    "action_flag": 2,
    "change_message": "[]"
  }
},
{
  "model": "admin.logentry",
  "pk": 96,
  "fields": {
    "action_time": "2024-07-08T11:15:11.234Z",
    "user": 1,
    "content_type": 14,
    "object_id": "3",
    "object_repr": "Comment by MycoFanatic on Finding of Muchomůrka červená by MycoFanatic",
    "action_flag": 1,
    "change_message": "[{\"added\": {}}]"
  }
},
{
  "model": "admin.logentry",
  "pk": 97,
  "fields": {
    "action_time": "2024-07-08T11:15:37.626Z",
    "user": 1,
    "content_type": 13,
    "object_id": "15",
    "object_repr": "Finding of Muchomůrka červená by MycoFanatic",
    "action_flag": 2,
    "change_message": "[{\"changed\": {\"fields\": [\"Description\"]}}]"
  }
},
{
  "model": "admin.logentry",
  "pk": 98,
  "fields": {
    "action_time": "2024-07-08T11:16:54.263Z",
    "user": 1,
    "content_type": 13,
    "object_id": "14",
    "object_repr": "Finding of Muchomůrka tygrovaná by NatureLover22",
    "action_flag": 2,
    "change_message": "[{\"changed\": {\"fields\": [\"Description\"]}}]"
  }
},
{
  "model": "admin.logentry",
  "pk": 99,
  "fields": {
    "action_time": "2024-07-08T11:16:56.677Z",
    "user": 1,
    "content_type": 14,
    "object_id": "4",
    "object_repr": "Comment by NatureLover22 on Finding of Muchomůrka tygrovaná by NatureLover22",
    "action_flag": 1,
    "change_message": "[{\"added\": {}}]"
  }
},
{
  "model": "admin.logentry",
  "pk": 100,
  "fields": {
    "action_time": "2024-07-08T11:17:38.050Z",
    "user": 1,
    "content_type": 14,
    "object_id": "5",
    "object_repr": "Comment by MycoFanatic on Finding of Muchomůrka růžovka by MycoFanatic",
    "action_flag": 1,
    "change_message": "[{\"added\": {}}]"
  }
},
{
  "model": "admin.logentry",
  "pk": 101,
  "fields": {
    "action_time": "2024-07-08T11:17:39.801Z",
    "user": 1,
    "content_type": 13,
    "object_id": "13",
    "object_repr": "Finding of Muchomůrka růžovka by MycoFanatic",
    "action_flag": 2,
    "change_message": "[{\"changed\": {\"fields\": [\"Description\"]}}]"
  }
},
{
  "model": "admin.logentry",
  "pk": 102,
  "fields": {
    "action_time": "2024-07-08T11:18:12.419Z",
    "user": 1,
    "content_type": 14,
    "object_id": "6",
    "object_repr": "Comment by MushroomHunter on Finding of Lišák zprohýbaný by MushroomHunter",
    "action_flag": 1,
    "change_message": "[{\"added\": {}}]"
  }
},
{
  "model": "admin.logentry",
  "pk": 103,
  "fields": {
    "action_time": "2024-07-08T11:18:31.058Z",
    "user": 1,
    "content_type": 14,
    "object_id": "1",
    "object_repr": "Comment by MushroomHunter on Finding of Žampion polní by MushroomHunter",
    "action_flag": 2,
    "change_message": "[]"
  }
},
{
  "model": "admin.logentry",
  "pk": 104,
  "fields": {
    "action_time": "2024-07-08T11:18:38.616Z",
    "user": 1,
    "content_type": 14,
    "object_id": "6",
    "object_repr": "Comment by MushroomHunter on Finding of Lišák zprohýbaný by MushroomHunter",
    "action_flag": 2,
    "change_message": "[{\"changed\": {\"fields\": [\"Text\"]}}]"
  }
},
{
  "model": "admin.logentry",
  "pk": 105,
  "fields": {
    "action_time": "2024-07-08T11:18:54.335Z",
    "user": 1,
    "content_type": 13,
    "object_id": "12",
    "object_repr": "Finding of Lišák zprohýbaný by MushroomHunter",
    "action_flag": 2,
    "change_message": "[{\"changed\": {\"fields\": [\"Description\"]}}]"
  }
},
{
  "model": "admin.logentry",
  "pk": 106,
  "fields": {
    "action_time": "2024-07-08T11:19:07.054Z",
    "user": 1,
    "content_type": 14,
    "object_id": "6",
    "object_repr": "Comment by MushroomHunter on Finding of Lišák zprohýbaný by MushroomHunter",
    "action_flag": 2,
    "change_message": "[]"
  }
},
{
  "model": "admin.logentry",
  "pk": 107,
  "fields": {
    "action_time": "2024-07-08T11:19:16.127Z",
    "user": 1,
    "content_type": 14,
    "object_id": "7",
    "object_repr": "Comment by MushroomHunter on Finding of Liška obecná by MushroomHunter",
    "action_flag": 1,
    "change_message": "[{\"added\": {}}]"
  }
},
{
  "model": "admin.logentry",
  "pk": 108,
  "fields": {
    "action_time": "2024-07-08T11:19:32.278Z",
    "user": 1,
    "content_type": 13,
    "object_id": "11",
    "object_repr": "Finding of Liška obecná by MushroomHunter",
    "action_flag": 2,
    "change_message": "[{\"changed\": {\"fields\": [\"Description\"]}}]"
  }
},
{
  "model": "admin.logentry",
  "pk": 109,
  "fields": {
    "action_time": "2024-07-08T11:19:50.096Z",
    "user": 1,
    "content_type": 14,
    "object_id": "8",
    "object_repr": "Comment by ForestExplorer on Finding of Kotrč kadeřavý by ForestExplorer",
    "action_flag": 1,
    "change_message": "[{\"added\": {}}]"
  }
},
{
  "model": "admin.logentry",
  "pk": 110,
  "fields": {
    "action_time": "2024-07-08T11:20:12.925Z",
    "user": 1,
    "content_type": 13,
    "object_id": "10",
    "object_repr": "Finding of Kotrč kadeřavý by ForestExplorer",
    "action_flag": 2,
    "change_message": "[{\"changed\": {\"fields\": [\"Description\"]}}]"
  }
},
{
  "model": "admin.logentry",
  "pk": 111,
  "fields": {
    "action_time": "2024-07-08T11:20:32.062Z",
    "user": 1,
    "content_type": 14,
    "object_id": "9",
    "object_repr": "Comment by ShroomMaster on Finding of Hřib žlučník by ShroomMaster",
    "action_flag": 1,
    "change_message": "[{\"added\": {}}]"
  }
},
{
  "model": "admin.logentry",
  "pk": 112,
  "fields": {
    "action_time": "2024-07-08T11:20:49.394Z",
    "user": 1,
    "content_type": 13,
    "object_id": "9",
    "object_repr": "Finding of Hřib žlučník by ShroomMaster",
    "action_flag": 2,
    "change_message": "[{\"changed\": {\"fields\": [\"Description\"]}}]"
  }
},
{
  "model": "admin.logentry",
  "pk": 113,
  "fields": {
    "action_time": "2024-07-08T11:22:39.980Z",
    "user": 1,
    "content_type": 14,
    "object_id": "9",
    "object_repr": "Comment by ShroomMaster on Finding of Hřib žlučník by ShroomMaster",
    "action_flag": 2,
    "change_message": "[]"
  }
},
{
  "model": "admin.logentry",
  "pk": 114,
  "fields": {
    "action_time": "2024-07-08T11:24:51.939Z",
    "user": 1,
    "content_type": 13,
    "object_id": "9",
    "object_repr": "Finding of Hřib žlučník by ShroomMaster",
    "action_flag": 2,
    "change_message": "[]"
  }
},
{
  "model": "admin.logentry",
  "pk": 115,
  "fields": {
    "action_time": "2024-07-08T11:26:32.922Z",
    "user": 1,
    "content_type": 13,
    "object_id": "8",
    "object_repr": "Finding of Hřib smrkový by ShroomMaster",
    "action_flag": 2,
    "change_message": "[{\"changed\": {\"fields\": [\"Description\"]}}]"
  }
},
{
  "model": "admin.logentry",
  "pk": 116,
  "fields": {
    "action_time": "2024-07-08T11:26:36.216Z",
    "user": 1,
    "content_type": 14,
    "object_id": "10",
    "object_repr": "Comment by ShroomMaster on Finding of Hřib smrkový by ShroomMaster",
    "action_flag": 1,
    "change_message": "[{\"added\": {}}]"
  }
},
{
  "model": "admin.logentry",
  "pk": 117,
  "fields": {
    "action_time": "2024-07-08T11:27:04.181Z",
    "user": 1,
    "content_type": 14,
    "object_id": "11",
    "object_repr": "Comment by NatureLover22 on Finding of Hřib kovář by NatureLover22",
    "action_flag": 1,
    "change_message": "[{\"added\": {}}]"
  }
},
{
  "model": "admin.logentry",
  "pk": 118,
  "fields": {
    "action_time": "2024-07-08T11:27:18.072Z",
    "user": 1,
    "content_type": 13,
    "object_id": "7",
    "object_repr": "Finding of Hřib kovář by NatureLover22",
    "action_flag": 2,
    "change_message": "[{\"changed\": {\"fields\": [\"Description\"]}}]"
  }
},
{
  "model": "admin.logentry",
  "pk": 119,
  "fields": {
    "action_time": "2024-07-08T11:30:13.832Z",
    "user": 1,
    "content_type": 14,
    "object_id": "12",
    "object_repr": "Comment by NatureLover22 on Finding of Holubinka nazelenalá by NatureLover22",
    "action_flag": 1,
    "change_message": "[{\"added\": {}}]"
  }
},
{
  "model": "admin.logentry",
  "pk": 120,
  "fields": {
    "action_time": "2024-07-08T11:30:32.500Z",
    "user": 1,
    "content_type": 13,
    "object_id": "6",
    "object_repr": "Finding of Holubinka nazelenalá by NatureLover22",
    "action_flag": 2,
    "change_message": "[{\"changed\": {\"fields\": [\"Description\"]}}]"
  }
},
{
  "model": "admin.logentry",
  "pk": 121,
  "fields": {
    "action_time": "2024-07-08T11:33:10.797Z",
    "user": 1,
    "content_type": 14,
    "object_id": "13",
    "object_repr": "Comment by NatureLover22 on Finding of Holubinka nazelenalá by NatureLover22",
    "action_flag": 1,
    "change_message": "[{\"added\": {}}]"
  }
},
{
  "model": "admin.logentry",
  "pk": 122,
  "fields": {
    "action_time": "2024-07-08T11:33:30.954Z",
    "user": 1,
    "content_type": 13,
    "object_id": "5",
    "object_repr": "Finding of Holubinka mandlová by NatureLover22",
    "action_flag": 2,
    "change_message": "[{\"changed\": {\"fields\": [\"Description\"]}}]"
  }
},
{
  "model": "admin.logentry",
  "pk": 123,
  "fields": {
    "action_time": "2024-07-08T11:35:37.146Z",
    "user": 1,
    "content_type": 14,
    "object_id": "14",
    "object_repr": "Comment by NatureLover22 on Finding of Holubinka mandlová by NatureLover22",
    "action_flag": 1,
    "change_message": "[{\"added\": {}}]"
  }
},
{
  "model": "admin.logentry",
  "pk": 124,
  "fields": {
    "action_time": "2024-07-08T11:35:51.872Z",
    "user": 1,
    "content_type": 13,
    "object_id": "5",
    "object_repr": "Finding of Holubinka mandlová by NatureLover22",
    "action_flag": 2,
    "change_message": "[{\"changed\": {\"fields\": [\"Description\"]}}]"
  }
},
{
  "model": "admin.logentry",
  "pk": 125,
  "fields": {
    "action_time": "2024-07-08T11:36:18.741Z",
    "user": 1,
    "content_type": 14,
    "object_id": "15",
    "object_repr": "Comment by ShroomMaster on Finding of Holubinka hlínožlutá by ShroomMaster",
    "action_flag": 1,
    "change_message": "[{\"added\": {}}]"
  }
},
{
  "model": "admin.logentry",
  "pk": 126,
  "fields": {
    "action_time": "2024-07-08T11:36:49.035Z",
    "user": 1,
    "content_type": 13,
    "object_id": "4",
    "object_repr": "Finding of Holubinka hlínožlutá by ShroomMaster",
    "action_flag": 2,
    "change_message": "[{\"changed\": {\"fields\": [\"Description\"]}}]"
  }
},
{
  "model": "admin.logentry",
  "pk": 127,
  "fields": {
    "action_time": "2024-07-08T11:38:01.045Z",
    "user": 1,
    "content_type": 14,
    "object_id": "16",
    "object_repr": "Comment by MycoFanatic on Finding of Choroš šupinatý by MycoFanatic",
    "action_flag": 1,
    "change_message": "[{\"added\": {}}]"
  }
},
{
  "model": "admin.logentry",
  "pk": 128,
  "fields": {
    "action_time": "2024-07-08T11:38:12.354Z",
    "user": 1,
    "content_type": 13,
    "object_id": "3",
    "object_repr": "Finding of Choroš šupinatý by MycoFanatic",
    "action_flag": 2,
    "change_message": "[{\"changed\": {\"fields\": [\"Description\"]}}]"
  }
},
{
  "model": "admin.logentry",
  "pk": 129,
  "fields": {
    "action_time": "2024-07-08T11:38:31.260Z",
    "user": 1,
    "content_type": 14,
    "object_id": "17",
    "object_repr": "Comment by FungiFreak on Finding of Choroš oříš by FungiFreak",
    "action_flag": 1,
    "change_message": "[{\"added\": {}}]"
  }
},
{
  "model": "admin.logentry",
  "pk": 130,
  "fields": {
    "action_time": "2024-07-08T11:38:48.961Z",
    "user": 1,
    "content_type": 13,
    "object_id": "2",
    "object_repr": "Finding of Choroš oříš by FungiFreak",
    "action_flag": 2,
    "change_message": "[{\"changed\": {\"fields\": [\"Description\"]}}]"
  }
},
{
  "model": "admin.logentry",
  "pk": 131,
  "fields": {
    "action_time": "2024-07-08T11:39:06.422Z",
    "user": 1,
    "content_type": 14,
    "object_id": "18",
    "object_repr": "Comment by ForestExplorer on Finding of Bedla vysoká by ForestExplorer",
    "action_flag": 1,
    "change_message": "[{\"added\": {}}]"
  }
},
{
  "model": "admin.logentry",
  "pk": 132,
  "fields": {
    "action_time": "2024-07-08T11:39:20.036Z",
    "user": 1,
    "content_type": 13,
    "object_id": "1",
    "object_repr": "Finding of Bedla vysoká by ForestExplorer",
    "action_flag": 2,
    "change_message": "[{\"changed\": {\"fields\": [\"Description\"]}}]"
  }
},
{
  "model": "admin.logentry",
  "pk": 133,
  "fields": {
    "action_time": "2024-07-08T11:48:15.345Z",
    "user": 1,
    "content_type": 13,
    "object_id": "18",
    "object_repr": "Finding of Muchomůrka tygrovaná by FungiFreak",
    "action_flag": 1,
    "change_message": "[{\"added\": {}}]"
  }
},
{
  "model": "admin.logentry",
  "pk": 134,
  "fields": {
    "action_time": "2024-07-08T11:53:47.401Z",
    "user": 1,
    "content_type": 13,
    "object_id": "18",
    "object_repr": "Finding of Muchomůrka tygrovaná by FungiFreak",
    "action_flag": 2,
    "change_message": "[]"
  }
},
{
  "model": "admin.logentry",
  "pk": 135,
  "fields": {
    "action_time": "2024-07-08T11:55:16.641Z",
    "user": 1,
    "content_type": 14,
    "object_id": "19",
    "object_repr": "Comment by FungiFreak on Finding of Muchomůrka tygrovaná by FungiFreak",
    "action_flag": 1,
    "change_message": "[{\"added\": {}}]"
  }
},
{
  "model": "admin.logentry",
  "pk": 136,
  "fields": {
    "action_time": "2024-07-08T12:07:17.949Z",
    "user": 1,
    "content_type": 9,
    "object_id": "1",
    "object_repr": "Bedly v bramboráku",
    "action_flag": 1,
    "change_message": "[{\"added\": {}}]"
  }
},
{
  "model": "admin.logentry",
  "pk": 137,
  "fields": {
    "action_time": "2024-07-08T12:08:47.895Z",
    "user": 1,
    "content_type": 9,
    "object_id": "2",
    "object_repr": "Bedly na kmíně",
    "action_flag": 1,
    "change_message": "[{\"added\": {}}]"
  }
},
{
  "model": "admin.logentry",
  "pk": 138,
  "fields": {
    "action_time": "2024-07-08T12:10:43.365Z",
    "user": 1,
    "content_type": 9,
    "object_id": "3",
    "object_repr": "Bedly na kmíně 2",
    "action_flag": 1,
    "change_message": "[{\"added\": {}}]"
  }
},
{
  "model": "admin.logentry",
  "pk": 139,
  "fields": {
    "action_time": "2024-07-08T12:14:20.611Z",
    "user": 1,
    "content_type": 9,
    "object_id": "4",
    "object_repr": "Lišková bruschetta",
    "action_flag": 1,
    "change_message": "[{\"added\": {}}]"
  }
},
{
  "model": "admin.logentry",
  "pk": 140,
  "fields": {
    "action_time": "2024-07-08T12:17:10.165Z",
    "user": 1,
    "content_type": 9,
    "object_id": "5",
    "object_repr": "Bedlový guláš",
    "action_flag": 1,
    "change_message": "[{\"added\": {}}]"
  }
},
{
  "model": "admin.logentry",
  "pk": 141,
  "fields": {
    "action_time": "2024-07-08T12:25:40.231Z",
    "user": 1,
    "content_type": 9,
    "object_id": "6",
    "object_repr": "Dršťková polévka z hub",
    "action_flag": 1,
    "change_message": "[{\"added\": {}}]"
  }
},
{
  "model": "admin.logentry",
  "pk": 142,
  "fields": {
    "action_time": "2024-07-08T12:33:41.982Z",
    "user": 1,
    "content_type": 9,
    "object_id": "7",
    "object_repr": "Tinktura z muchomůrky červené",
    "action_flag": 1,
    "change_message": "[{\"added\": {}}]"
  }
},
{
  "model": "admin.logentry",
  "pk": 143,
  "fields": {
    "action_time": "2024-07-08T12:35:30.071Z",
    "user": 1,
    "content_type": 9,
    "object_id": "8",
    "object_repr": "Babiččina rychlá kulajda",
    "action_flag": 1,
    "change_message": "[{\"added\": {}}]"
  }
},
{
  "model": "admin.logentry",
  "pk": 144,
  "fields": {
    "action_time": "2024-07-08T12:38:39.940Z",
    "user": 1,
    "content_type": 9,
    "object_id": "9",
    "object_repr": "Plněné žampiony",
    "action_flag": 1,
    "change_message": "[{\"added\": {}}]"
  }
},
{
  "model": "admin.logentry",
  "pk": 145,
  "fields": {
    "action_time": "2024-07-08T13:00:16.750Z",
    "user": 1,
    "content_type": 6,
    "object_id": "7",
    "object_repr": "Stopkovýtrusé",
    "action_flag": 1,
    "change_message": "[{\"added\": {}}]"
  }
},
{
  "model": "admin.logentry",
  "pk": 146,
  "fields": {
    "action_time": "2024-07-08T13:00:26.817Z",
    "user": 1,
    "content_type": 8,
    "object_id": "19",
    "object_repr": "Hlíva ustřičná (Pleurotus ostreatus.) - Jedlá",
    "action_flag": 1,
    "change_message": "[{\"added\": {}}]"
  }
},
{
  "model": "admin.logentry",
  "pk": 147,
  "fields": {
    "action_time": "2024-07-08T13:00:42.645Z",
    "user": 1,
    "content_type": 8,
    "object_id": "19",
    "object_repr": "Hlíva ustřičná (Pleurotus ostreatus.) - Jedlá",
    "action_flag": 2,
    "change_message": "[{\"changed\": {\"fields\": [\"Family\"]}}]"
  }
},
{
  "model": "admin.logentry",
  "pk": 148,
  "fields": {
    "action_time": "2024-07-08T13:03:10.994Z",
    "user": 1,
    "content_type": 9,
    "object_id": "10",
    "object_repr": "Smaženice z hlívy ústřičné na křupavé topince",
    "action_flag": 1,
    "change_message": "[{\"added\": {}}]"
  }
},
{
  "model": "admin.logentry",
  "pk": 149,
  "fields": {
    "action_time": "2024-07-08T13:03:35.829Z",
    "user": 1,
    "content_type": 9,
    "object_id": "7",
    "object_repr": "Tinktura z muchomůrky červené",
    "action_flag": 2,
    "change_message": "[{\"changed\": {\"fields\": [\"Image\"]}}]"
  }
},
{
  "model": "admin.logentry",
  "pk": 150,
  "fields": {
    "action_time": "2024-07-08T13:05:59.508Z",
    "user": 1,
    "content_type": 9,
    "object_id": "8",
    "object_repr": "Babiččina rychlá kulajda",
    "action_flag": 2,
    "change_message": "[{\"changed\": {\"fields\": [\"Ingredients\", \"Instructions\", \"Image\"]}}]"
  }
},
{
  "model": "admin.logentry",
  "pk": 151,
  "fields": {
    "action_time": "2024-07-08T14:21:22.099Z",
    "user": 1,
    "content_type": 11,
    "object_id": "1",
    "object_repr": "Co si vzít na houby?",
    "action_flag": 1,
    "change_message": "[{\"added\": {}}]"
  }
},
{
  "model": "admin.logentry",
  "pk": 152,
  "fields": {
    "action_time": "2024-07-08T14:22:02.370Z",
    "user": 1,
    "content_type": 11,
    "object_id": "1",
    "object_repr": "Co si vzít na houby?",
    "action_flag": 2,
    "change_message": "[{\"changed\": {\"fields\": [\"Image\"]}}]"
  }
},
{
  "model": "admin.logentry",
  "pk": 153,
  "fields": {
    "action_time": "2024-07-08T14:22:23.445Z",
    "user": 1,
    "content_type": 11,
    "object_id": "1",
    "object_repr": "Co si vzít na houby?",
    "action_flag": 2,
    "change_message": "[{\"changed\": {\"fields\": [\"Image\"]}}]"
  }
},
{
  "model": "admin.logentry",
  "pk": 154,
  "fields": {
    "action_time": "2024-07-08T14:23:56.016Z",
    "user": 1,
    "content_type": 11,
    "object_id": "1",
    "object_repr": "Co si vzít na houby?",
    "action_flag": 2,
    "change_message": "[]"
  }
},
{
  "model": "admin.logentry",
  "pk": 155,
  "fields": {
    "action_time": "2024-07-08T14:28:42.326Z",
    "user": 1,
    "content_type": 11,
    "object_id": "2",
    "object_repr": "Kdy rostou houby, jak dlouho trvá houbařská sezóna?",
    "action_flag": 1,
    "change_message": "[{\"added\": {}}]"
  }
},
{
  "model": "admin.logentry",
  "pk": 156,
  "fields": {
    "action_time": "2024-07-08T14:29:00.608Z",
    "user": 1,
    "content_type": 11,
    "object_id": "2",
    "object_repr": "Kdy rostou houby, jak dlouho trvá houbařská sezóna?",
    "action_flag": 2,
    "change_message": "[{\"changed\": {\"fields\": [\"User\"]}}]"
  }
},
{
  "model": "admin.logentry",
  "pk": 157,
  "fields": {
    "action_time": "2024-07-08T14:37:24.228Z",
    "user": 1,
    "content_type": 11,
    "object_id": "3",
    "object_repr": "Tipy pro úspěšné houbaření",
    "action_flag": 1,
    "change_message": "[{\"added\": {}}]"
  }
},
{
  "model": "admin.logentry",
  "pk": 158,
  "fields": {
    "action_time": "2024-07-08T14:47:18.002Z",
    "user": 1,
    "content_type": 11,
    "object_id": "1",
    "object_repr": "Co si vzít na houby?",
    "action_flag": 2,
    "change_message": "[]"
  }
},
{
  "model": "admin.logentry",
  "pk": 159,
  "fields": {
    "action_time": "2024-07-08T15:25:43.682Z",
    "user": 1,
    "content_type": 11,
    "object_id": "4",
    "object_repr": "5 nejčastějších chyb při sběru hub",
    "action_flag": 1,
    "change_message": "[{\"added\": {}}]"
  }
},
{
  "model": "admin.logentry",
  "pk": 160,
  "fields": {
    "action_time": "2024-07-08T15:33:16.135Z",
    "user": 1,
    "content_type": 11,
    "object_id": "5",
    "object_repr": "Jak vyhnat červy z hub - jednoduchý trik",
    "action_flag": 1,
    "change_message": "[{\"added\": {}}]"
  }
},
{
  "model": "admin.logentry",
  "pk": 161,
  "fields": {
    "action_time": "2024-07-08T16:28:00.935Z",
    "user": 1,
    "content_type": 9,
    "object_id": "8",
    "object_repr": "Babiččina rychlá kulajda",
    "action_flag": 2,
    "change_message": "[{\"changed\": {\"fields\": [\"Rating\"]}}]"
  }
},
{
  "model": "admin.logentry",
  "pk": 162,
  "fields": {
    "action_time": "2024-07-08T16:29:27.156Z",
    "user": 1,
    "content_type": 9,
    "object_id": "8",
    "object_repr": "Babiččina rychlá kulajda",
    "action_flag": 2,
    "change_message": "[{\"changed\": {\"fields\": [\"Rating\"]}}]"
  }
},
{
  "model": "admin.logentry",
  "pk": 163,
  "fields": {
    "action_time": "2024-07-08T17:18:59.164Z",
    "user": 1,
    "content_type": 4,
    "object_id": "1",
    "object_repr": "admin",
    "action_flag": 2,
    "change_message": "[{\"changed\": {\"fields\": [\"User permissions\"]}}]"
  }
},
{
  "model": "admin.logentry",
  "pk": 164,
  "fields": {
    "action_time": "2024-07-08T18:08:52.766Z",
    "user": 1,
    "content_type": 9,
    "object_id": "22",
    "object_repr": "",
    "action_flag": 3,
    "change_message": ""
  }
},
{
  "model": "admin.logentry",
  "pk": 165,
  "fields": {
    "action_time": "2024-07-08T18:08:52.797Z",
    "user": 1,
    "content_type": 9,
    "object_id": "21",
    "object_repr": "",
    "action_flag": 3,
    "change_message": ""
  }
},
{
  "model": "admin.logentry",
  "pk": 166,
  "fields": {
    "action_time": "2024-07-08T18:08:52.924Z",
    "user": 1,
    "content_type": 9,
    "object_id": "20",
    "object_repr": "",
    "action_flag": 3,
    "change_message": ""
  }
},
{
  "model": "admin.logentry",
  "pk": 167,
  "fields": {
    "action_time": "2024-07-08T18:08:52.986Z",
    "user": 1,
    "content_type": 9,
    "object_id": "19",
    "object_repr": "",
    "action_flag": 3,
    "change_message": ""
  }
},
{
  "model": "admin.logentry",
  "pk": 168,
  "fields": {
    "action_time": "2024-07-08T18:08:53.056Z",
    "user": 1,
    "content_type": 9,
    "object_id": "18",
    "object_repr": "",
    "action_flag": 3,
    "change_message": ""
  }
},
{
  "model": "admin.logentry",
  "pk": 169,
  "fields": {
    "action_time": "2024-07-08T18:08:53.109Z",
    "user": 1,
    "content_type": 9,
    "object_id": "17",
    "object_repr": "",
    "action_flag": 3,
    "change_message": ""
  }
},
{
  "model": "admin.logentry",
  "pk": 170,
  "fields": {
    "action_time": "2024-07-08T18:08:53.137Z",
    "user": 1,
    "content_type": 9,
    "object_id": "16",
    "object_repr": "",
    "action_flag": 3,
    "change_message": ""
  }
},
{
  "model": "admin.logentry",
  "pk": 171,
  "fields": {
    "action_time": "2024-07-08T18:08:53.165Z",
    "user": 1,
    "content_type": 9,
    "object_id": "15",
    "object_repr": "",
    "action_flag": 3,
    "change_message": ""
  }
},
{
  "model": "admin.logentry",
  "pk": 172,
  "fields": {
    "action_time": "2024-07-08T18:08:53.190Z",
    "user": 1,
    "content_type": 9,
    "object_id": "14",
    "object_repr": "",
    "action_flag": 3,
    "change_message": ""
  }
},
{
  "model": "admin.logentry",
  "pk": 173,
  "fields": {
    "action_time": "2024-07-08T18:08:53.300Z",
    "user": 1,
    "content_type": 9,
    "object_id": "13",
    "object_repr": "",
    "action_flag": 3,
    "change_message": ""
  }
},
{
  "model": "admin.logentry",
  "pk": 174,
  "fields": {
    "action_time": "2024-07-08T18:08:53.433Z",
    "user": 1,
    "content_type": 9,
    "object_id": "12",
    "object_repr": "",
    "action_flag": 3,
    "change_message": ""
  }
},
{
  "model": "admin.logentry",
  "pk": 175,
  "fields": {
    "action_time": "2024-07-08T19:11:19.274Z",
    "user": 1,
    "content_type": 9,
    "object_id": "24",
    "object_repr": "",
    "action_flag": 3,
    "change_message": ""
  }
},
{
  "model": "admin.logentry",
  "pk": 176,
  "fields": {
    "action_time": "2024-07-08T19:11:19.302Z",
    "user": 1,
    "content_type": 9,
    "object_id": "23",
    "object_repr": "",
    "action_flag": 3,
    "change_message": ""
  }
},
{
  "model": "admin.logentry",
  "pk": 177,
  "fields": {
    "action_time": "2024-07-08T19:29:32.197Z",
    "user": 1,
    "content_type": 9,
    "object_id": "25",
    "object_repr": "Španělské kuře s houbami",
    "action_flag": 1,
    "change_message": "[{\"added\": {}}]"
  }
},
{
  "model": "admin.logentry",
  "pk": 178,
  "fields": {
    "action_time": "2024-07-08T19:32:34.522Z",
    "user": 1,
    "content_type": 9,
    "object_id": "26",
    "object_repr": "Dršťková polévka z kotrče",
    "action_flag": 1,
    "change_message": "[{\"added\": {}}]"
  }
},
{
  "model": "admin.logentry",
  "pk": 179,
  "fields": {
    "action_time": "2024-07-08T20:11:17.592Z",
    "user": 1,
    "content_type": 9,
    "object_id": "8",
    "object_repr": "Babiččina rychlá kulajda",
    "action_flag": 2,
    "change_message": "[{\"changed\": {\"fields\": [\"Ingredients\", \"Rating\"]}}]"
  }
},
{
  "model": "admin.logentry",
  "pk": 180,
  "fields": {
    "action_time": "2024-07-08T20:11:23.398Z",
    "user": 1,
    "content_type": 9,
    "object_id": "8",
    "object_repr": "Babiččina rychlá kulajda",
    "action_flag": 2,
    "change_message": "[]"
  }
},
{
  "model": "admin.logentry",
  "pk": 181,
  "fields": {
    "action_time": "2024-07-08T20:12:32.687Z",
    "user": 1,
    "content_type": 9,
    "object_id": "5",
    "object_repr": "Bedlový guláš",
    "action_flag": 2,
    "change_message": "[{\"changed\": {\"fields\": [\"Ingredients\"]}}]"
  }
},
{
  "model": "admin.logentry",
  "pk": 182,
  "fields": {
    "action_time": "2024-07-08T20:12:49.490Z",
    "user": 1,
    "content_type": 9,
    "object_id": "2",
    "object_repr": "Bedly na kmíně",
    "action_flag": 2,
    "change_message": "[{\"changed\": {\"fields\": [\"Ingredients\"]}}]"
  }
},
{
  "model": "admin.logentry",
  "pk": 183,
  "fields": {
    "action_time": "2024-07-08T20:13:20.349Z",
    "user": 1,
    "content_type": 9,
    "object_id": "3",
    "object_repr": "Bedly na kmíně 2",
    "action_flag": 2,
    "change_message": "[{\"changed\": {\"fields\": [\"Ingredients\"]}}]"
  }
},
{
  "model": "admin.logentry",
  "pk": 184,
  "fields": {
    "action_time": "2024-07-08T20:15:38.537Z",
    "user": 1,
    "content_type": 9,
    "object_id": "1",
    "object_repr": "Bedly v bramboráku",
    "action_flag": 2,
    "change_message": "[{\"changed\": {\"fields\": [\"Ingredients\", \"Instructions\"]}}]"
  }
},
{
  "model": "admin.logentry",
  "pk": 185,
  "fields": {
    "action_time": "2024-07-08T20:15:46.614Z",
    "user": 1,
    "content_type": 9,
    "object_id": "1",
    "object_repr": "Bedly v bramboráku",
    "action_flag": 2,
    "change_message": "[]"
  }
},
{
  "model": "admin.logentry",
  "pk": 186,
  "fields": {
    "action_time": "2024-07-08T20:15:57.930Z",
    "user": 1,
    "content_type": 9,
    "object_id": "25",
    "object_repr": "Španělské kuře s houbami",
    "action_flag": 2,
    "change_message": "[]"
  }
},
{
  "model": "admin.logentry",
  "pk": 187,
  "fields": {
    "action_time": "2024-07-08T20:16:18.684Z",
    "user": 1,
    "content_type": 9,
    "object_id": "6",
    "object_repr": "Dršťková polévka z hub",
    "action_flag": 2,
    "change_message": "[{\"changed\": {\"fields\": [\"Ingredients\"]}}]"
  }
},
{
  "model": "admin.logentry",
  "pk": 188,
  "fields": {
    "action_time": "2024-07-08T20:16:25.560Z",
    "user": 1,
    "content_type": 9,
    "object_id": "26",
    "object_repr": "Dršťková polévka z kotrče",
    "action_flag": 2,
    "change_message": "[]"
  }
},
{
  "model": "admin.logentry",
  "pk": 189,
  "fields": {
    "action_time": "2024-07-08T20:16:48.737Z",
    "user": 1,
    "content_type": 9,
    "object_id": "9",
    "object_repr": "Plněné žampiony",
    "action_flag": 2,
    "change_message": "[{\"changed\": {\"fields\": [\"Ingredients\"]}}]"
  }
},
{
  "model": "admin.logentry",
  "pk": 190,
  "fields": {
    "action_time": "2024-07-08T20:17:04.975Z",
    "user": 1,
    "content_type": 9,
    "object_id": "4",
    "object_repr": "Lišková bruschetta",
    "action_flag": 2,
    "change_message": "[{\"changed\": {\"fields\": [\"Ingredients\"]}}]"
  }
},
{
  "model": "admin.logentry",
  "pk": 191,
  "fields": {
    "action_time": "2024-07-08T20:17:10.273Z",
    "user": 1,
    "content_type": 9,
    "object_id": "9",
    "object_repr": "Plněné žampiony",
    "action_flag": 2,
    "change_message": "[]"
  }
},
{
  "model": "admin.logentry",
  "pk": 192,
  "fields": {
    "action_time": "2024-07-08T20:17:27.437Z",
    "user": 1,
    "content_type": 9,
    "object_id": "10",
    "object_repr": "Smaženice z hlívy ústřičné na křupavé topince",
    "action_flag": 2,
    "change_message": "[{\"changed\": {\"fields\": [\"Ingredients\"]}}]"
  }
},
{
  "model": "admin.logentry",
  "pk": 193,
  "fields": {
    "action_time": "2024-07-08T20:17:33.462Z",
    "user": 1,
    "content_type": 9,
    "object_id": "7",
    "object_repr": "Tinktura z muchomůrky červené",
    "action_flag": 2,
    "change_message": "[{\"changed\": {\"fields\": [\"Ingredients\"]}}]"
  }
},
{
  "model": "admin.logentry",
  "pk": 194,
  "fields": {
    "action_time": "2024-07-08T20:17:38.178Z",
    "user": 1,
    "content_type": 9,
    "object_id": "25",
    "object_repr": "Španělské kuře s houbami",
    "action_flag": 2,
    "change_message": "[]"
  }
},
{
  "model": "admin.logentry",
  "pk": 195,
  "fields": {
    "action_time": "2024-07-08T20:17:42.390Z",
    "user": 1,
    "content_type": 9,
    "object_id": "7",
    "object_repr": "Tinktura z muchomůrky červené",
    "action_flag": 2,
    "change_message": "[]"
  }
},
{
  "model": "admin.logentry",
  "pk": 196,
  "fields": {
    "action_time": "2024-07-08T20:17:47.728Z",
    "user": 1,
    "content_type": 9,
    "object_id": "10",
    "object_repr": "Smaženice z hlívy ústřičné na křupavé topince",
    "action_flag": 2,
    "change_message": "[]"
  }
},
{
  "model": "admin.logentry",
  "pk": 197,
  "fields": {
    "action_time": "2024-07-08T20:18:11.549Z",
    "user": 1,
    "content_type": 9,
    "object_id": "4",
    "object_repr": "Lišková bruschetta",
    "action_flag": 2,
    "change_message": "[]"
  }
},
{
  "model": "admin.logentry",
  "pk": 198,
  "fields": {
    "action_time": "2024-07-09T18:14:27.542Z",
    "user": 1,
    "content_type": 4,
    "object_id": "8",
    "object_repr": "TestUser1",
    "action_flag": 3,
    "change_message": ""
  }
},
{
  "model": "admin.logentry",
  "pk": 199,
  "fields": {
    "action_time": "2024-07-09T18:14:58.866Z",
    "user": 1,
    "content_type": 4,
    "object_id": "9",
    "object_repr": "testuser",
    "action_flag": 3,
    "change_message": ""
  }
},
{
  "model": "admin.logentry",
  "pk": 200,
  "fields": {
    "action_time": "2024-07-09T18:19:33.872Z",
    "user": 1,
    "content_type": 4,
    "object_id": "7",
    "object_repr": "FungiFreak",
    "action_flag": 2,
    "change_message": "[{\"changed\": {\"fields\": [\"User permissions\"]}}]"
  }
},
{
  "model": "admin.logentry",
  "pk": 201,
  "fields": {
    "action_time": "2024-07-11T13:37:01.645Z",
    "user": 1,
    "content_type": 19,
    "object_id": "6",
    "object_repr": "Message from MushroomHunter to MushroomHunter at 2024-07-11 13:21:45.827601+00:00",
    "action_flag": 3,
    "change_message": ""
  }
},
{
  "model": "admin.logentry",
  "pk": 202,
  "fields": {
    "action_time": "2024-07-21T13:07:27.052Z",
    "user": 1,
    "content_type": 8,
    "object_id": "20",
    "object_repr": "Hlíva šedá (Hohenbuehelia grisea) - Nejedlá",
    "action_flag": 1,
    "change_message": "[{\"added\": {}}]"
  }
},
{
  "model": "admin.logentry",
  "pk": 203,
  "fields": {
    "action_time": "2024-07-21T13:10:22.147Z",
    "user": 1,
    "content_type": 8,
    "object_id": "21",
    "object_repr": "Hlíva plátková (Hohenbuehelia petaloides) - Jedlá",
    "action_flag": 1,
    "change_message": "[{\"added\": {}}]"
  }
},
{
  "model": "admin.logentry",
  "pk": 204,
  "fields": {
    "action_time": "2024-07-21T13:13:48.704Z",
    "user": 1,
    "content_type": 8,
    "object_id": "22",
    "object_repr": "Hnojník nasetý (Coprinellus disseminatus) - Nejedlá",
    "action_flag": 1,
    "change_message": "[{\"added\": {}}]"
  }
},
{
  "model": "admin.logentry",
  "pk": 205,
  "fields": {
    "action_time": "2024-07-21T13:14:06.249Z",
    "user": 1,
    "content_type": 7,
    "object_id": "9",
    "object_repr": "Parky",
    "action_flag": 1,
    "change_message": "[{\"added\": {}}]"
  }
},
{
  "model": "admin.logentry",
  "pk": 206,
  "fields": {
    "action_time": "2024-07-21T13:14:21.842Z",
    "user": 1,
    "content_type": 8,
    "object_id": "22",
    "object_repr": "Hnojník nasetý (Coprinellus disseminatus) - Nejedlá",
    "action_flag": 2,
    "change_message": "[{\"changed\": {\"fields\": [\"Habitats\"]}}]"
  }
},
{
  "model": "admin.logentry",
  "pk": 207,
  "fields": {
    "action_time": "2024-07-21T13:15:57.576Z",
    "user": 1,
    "content_type": 7,
    "object_id": "10",
    "object_repr": "Na kmenu nebo kořenu jehličnatých stromů",
    "action_flag": 1,
    "change_message": "[{\"added\": {}}]"
  }
},
{
  "model": "admin.logentry",
  "pk": 208,
  "fields": {
    "action_time": "2024-07-21T13:16:09.474Z",
    "user": 1,
    "content_type": 7,
    "object_id": "11",
    "object_repr": "Podél cesty",
    "action_flag": 1,
    "change_message": "[{\"added\": {}}]"
  }
},
{
  "model": "admin.logentry",
  "pk": 209,
  "fields": {
    "action_time": "2024-07-21T13:16:31.792Z",
    "user": 1,
    "content_type": 7,
    "object_id": "11",
    "object_repr": "Podél cesty",
    "action_flag": 2,
    "change_message": "[]"
  }
},
{
  "model": "admin.logentry",
  "pk": 210,
  "fields": {
    "action_time": "2024-07-21T13:16:39.676Z",
    "user": 1,
    "content_type": 7,
    "object_id": "12",
    "object_repr": "Pod smrky",
    "action_flag": 1,
    "change_message": "[{\"added\": {}}]"
  }
},
{
  "model": "admin.logentry",
  "pk": 211,
  "fields": {
    "action_time": "2024-07-21T13:18:53.562Z",
    "user": 1,
    "content_type": 8,
    "object_id": "23",
    "object_repr": "Holubinka lesklá (Russula nitida) - Jedlá",
    "action_flag": 1,
    "change_message": "[{\"added\": {}}]"
  }
},
{
  "model": "admin.logentry",
  "pk": 212,
  "fields": {
    "action_time": "2024-07-21T13:20:30.110Z",
    "user": 1,
    "content_type": 7,
    "object_id": "13",
    "object_repr": "V bukových lesích",
    "action_flag": 1,
    "change_message": "[{\"added\": {}}]"
  }
},
{
  "model": "admin.logentry",
  "pk": 213,
  "fields": {
    "action_time": "2024-07-21T13:20:39.695Z",
    "user": 1,
    "content_type": 8,
    "object_id": "24",
    "object_repr": "Holubinka sluneční (Russula solaris) - Nejedlá",
    "action_flag": 1,
    "change_message": "[{\"added\": {}}]"
  }
},
{
  "model": "admin.logentry",
  "pk": 214,
  "fields": {
    "action_time": "2024-07-21T13:20:57.242Z",
    "user": 1,
    "content_type": 8,
    "object_id": "24",
    "object_repr": "Holubinka sluneční (Russula solaris) - Nejedlá",
    "action_flag": 2,
    "change_message": "[{\"changed\": {\"fields\": [\"Habitats\"]}}]"
  }
},
{
  "model": "admin.logentry",
  "pk": 215,
  "fields": {
    "action_time": "2024-07-21T13:26:18.129Z",
    "user": 1,
    "content_type": 7,
    "object_id": "14",
    "object_repr": "Na hrázích rybníků",
    "action_flag": 1,
    "change_message": "[{\"added\": {}}]"
  }
},
{
  "model": "admin.logentry",
  "pk": 216,
  "fields": {
    "action_time": "2024-07-21T13:26:30.513Z",
    "user": 1,
    "content_type": 8,
    "object_id": "25",
    "object_repr": "Hřib bronzový (Boletus aereus) - Jedlá",
    "action_flag": 1,
    "change_message": "[{\"added\": {}}]"
  }
},
{
  "model": "admin.logentry",
  "pk": 217,
  "fields": {
    "action_time": "2024-07-21T13:26:46.288Z",
    "user": 1,
    "content_type": 8,
    "object_id": "25",
    "object_repr": "Hřib bronzový (Boletus aereus) - Jedlá",
    "action_flag": 2,
    "change_message": "[{\"changed\": {\"fields\": [\"Habitats\"]}}]"
  }
},
{
  "model": "admin.logentry",
  "pk": 218,
  "fields": {
    "action_time": "2024-07-21T13:29:32.489Z",
    "user": 1,
    "content_type": 8,
    "object_id": "26",
    "object_repr": "Hřib dubový (Boletus reticulatus) - Jedlá",
    "action_flag": 1,
    "change_message": "[{\"added\": {}}]"
  }
},
{
  "model": "admin.logentry",
  "pk": 219,
  "fields": {
    "action_time": "2024-07-21T13:32:10.914Z",
    "user": 1,
    "content_type": 8,
    "object_id": "27",
    "object_repr": "Hřib hnědý (Imleria badia) - Jedlá",
    "action_flag": 1,
    "change_message": "[{\"added\": {}}]"
  }
},
{
  "model": "admin.logentry",
  "pk": 220,
  "fields": {
    "action_time": "2024-07-21T13:33:18.989Z",
    "user": 1,
    "content_type": 7,
    "object_id": "15",
    "object_repr": "Pod lípami",
    "action_flag": 1,
    "change_message": "[{\"added\": {}}]"
  }
},
{
  "model": "admin.logentry",
  "pk": 221,
  "fields": {
    "action_time": "2024-07-21T13:34:36.441Z",
    "user": 1,
    "content_type": 8,
    "object_id": "28",
    "object_repr": "Hřib modračka (Cyanoboletus pulverulentus) - Jedlá",
    "action_flag": 1,
    "change_message": "[{\"added\": {}}]"
  }
},
{
  "model": "admin.logentry",
  "pk": 222,
  "fields": {
    "action_time": "2024-07-21T13:35:06.639Z",
    "user": 1,
    "content_type": 8,
    "object_id": "28",
    "object_repr": "Hřib modračka (Cyanoboletus pulverulentus) - Jedlá",
    "action_flag": 2,
    "change_message": "[{\"changed\": {\"fields\": [\"Habitats\"]}}]"
  }
},
{
  "model": "admin.logentry",
  "pk": 223,
  "fields": {
    "action_time": "2024-07-21T13:36:26.832Z",
    "user": 1,
    "content_type": 7,
    "object_id": "16",
    "object_repr": "Borový les",
    "action_flag": 1,
    "change_message": "[{\"added\": {}}]"
  }
},
{
  "model": "admin.logentry",
  "pk": 224,
  "fields": {
    "action_time": "2024-07-21T13:36:41.634Z",
    "user": 1,
    "content_type": 7,
    "object_id": "13",
    "object_repr": "Bukový les",
    "action_flag": 2,
    "change_message": "[{\"changed\": {\"fields\": [\"Name\"]}}]"
  }
},
{
  "model": "admin.logentry",
  "pk": 225,
  "fields": {
    "action_time": "2024-07-21T13:37:53.949Z",
    "user": 1,
    "content_type": 8,
    "object_id": "29",
    "object_repr": "Hřib meruňkový (Rheubarbariboletus armeniacus) - Jedlá",
    "action_flag": 1,
    "change_message": "[{\"added\": {}}]"
  }
},
{
  "model": "admin.logentry",
  "pk": 226,
  "fields": {
    "action_time": "2024-07-21T13:38:23.642Z",
    "user": 1,
    "content_type": 8,
    "object_id": "29",
    "object_repr": "Hřib meruňkový (Rheubarbariboletus armeniacus) - Jedlá",
    "action_flag": 2,
    "change_message": "[{\"changed\": {\"fields\": [\"Habitats\"]}}]"
  }
},
{
  "model": "admin.logentry",
  "pk": 227,
  "fields": {
    "action_time": "2024-07-21T13:40:33.648Z",
    "user": 1,
    "content_type": 7,
    "object_id": "17",
    "object_repr": "Dubový les",
    "action_flag": 1,
    "change_message": "[{\"added\": {}}]"
  }
},
{
  "model": "admin.logentry",
  "pk": 228,
  "fields": {
    "action_time": "2024-07-21T13:40:44.883Z",
    "user": 1,
    "content_type": 7,
    "object_id": "18",
    "object_repr": "Habrový les",
    "action_flag": 1,
    "change_message": "[{\"added\": {}}]"
  }
},
{
  "model": "admin.logentry",
  "pk": 229,
  "fields": {
    "action_time": "2024-07-21T13:41:08.794Z",
    "user": 1,
    "content_type": 8,
    "object_id": "30",
    "object_repr": "Hřib satan (Suillellus satanas) - Jedovatá",
    "action_flag": 1,
    "change_message": "[{\"added\": {}}]"
  }
},
{
  "model": "admin.logentry",
  "pk": 230,
  "fields": {
    "action_time": "2024-07-21T13:41:44.161Z",
    "user": 1,
    "content_type": 8,
    "object_id": "30",
    "object_repr": "Hřib satan (Suillellus satanas) - Jedovatá",
    "action_flag": 2,
    "change_message": "[{\"changed\": {\"fields\": [\"Habitats\"]}}]"
  }
},
{
  "model": "admin.logentry",
  "pk": 231,
  "fields": {
    "action_time": "2024-07-21T13:42:33.390Z",
    "user": 1,
    "content_type": 8,
    "object_id": "27",
    "object_repr": "Hřib hnědý (Imleria badia) - Jedlá",
    "action_flag": 2,
    "change_message": "[{\"changed\": {\"fields\": [\"Image\"]}}]"
  }
},
{
  "model": "admin.logentry",
  "pk": 232,
  "fields": {
    "action_time": "2024-07-21T13:43:36.444Z",
    "user": 1,
    "content_type": 8,
    "object_id": "30",
    "object_repr": "Hřib satan (Suillellus satanas) - Jedovatá",
    "action_flag": 2,
    "change_message": "[{\"changed\": {\"fields\": [\"Habitats\"]}}]"
  }
},
{
  "model": "admin.logentry",
  "pk": 233,
  "fields": {
    "action_time": "2024-07-21T13:45:32.991Z",
    "user": 1,
    "content_type": 8,
    "object_id": "31",
    "object_repr": "Hřib sametový (Xerocomellus pruinatus) - Jedlá",
    "action_flag": 1,
    "change_message": "[{\"added\": {}}]"
  }
},
{
  "model": "admin.logentry",
  "pk": 234,
  "fields": {
    "action_time": "2024-07-21T14:13:38.897Z",
    "user": 1,
    "content_type": 8,
    "object_id": "32",
    "object_repr": "Hřib růžovník (Butyriboletus fuscoroseus) - Jedlá",
    "action_flag": 1,
    "change_message": "[{\"added\": {}}]"
  }
},
{
  "model": "admin.logentry",
  "pk": 235,
  "fields": {
    "action_time": "2024-07-21T14:17:52.480Z",
    "user": 1,
    "content_type": 8,
    "object_id": "33",
    "object_repr": "Klouzek bílý (Suillus placidus) - Jedlá",
    "action_flag": 1,
    "change_message": "[{\"added\": {}}]"
  }
},
{
  "model": "admin.logentry",
  "pk": 236,
  "fields": {
    "action_time": "2024-07-21T14:26:22.015Z",
    "user": 1,
    "content_type": 8,
    "object_id": "34",
    "object_repr": "Klouzek strakoš (Suillus variegatus) - Jedlá",
    "action_flag": 1,
    "change_message": "[{\"added\": {}}]"
  }
},
{
  "model": "admin.logentry",
  "pk": 237,
  "fields": {
    "action_time": "2024-07-21T14:28:33.468Z",
    "user": 1,
    "content_type": 8,
    "object_id": "35",
    "object_repr": "Kozák dubový (Leccinellum crocipodium) - Jedlá",
    "action_flag": 1,
    "change_message": "[{\"added\": {}}]"
  }
},
{
  "model": "admin.logentry",
  "pk": 238,
  "fields": {
    "action_time": "2024-07-21T14:29:23.643Z",
    "user": 1,
    "content_type": 8,
    "object_id": "34",
    "object_repr": "Klouzek strakoš (Suillus variegatus) - Jedlá",
    "action_flag": 2,
    "change_message": "[{\"changed\": {\"fields\": [\"Image\"]}}]"
  }
},
{
  "model": "admin.logentry",
  "pk": 239,
  "fields": {
    "action_time": "2024-07-21T14:32:13.395Z",
    "user": 1,
    "content_type": 8,
    "object_id": "36",
    "object_repr": "Kozák habrový (Leccinum pseudoscabrum) - Jedlá",
    "action_flag": 1,
    "change_message": "[{\"added\": {}}]"
  }
},
{
  "model": "admin.logentry",
  "pk": 240,
  "fields": {
    "action_time": "2024-07-21T16:36:11.556Z",
    "user": 1,
    "content_type": 7,
    "object_id": "19",
    "object_repr": "Březový les",
    "action_flag": 1,
    "change_message": "[{\"added\": {}}]"
  }
},
{
  "model": "admin.logentry",
  "pk": 241,
  "fields": {
    "action_time": "2024-07-21T16:36:39.916Z",
    "user": 1,
    "content_type": 8,
    "object_id": "37",
    "object_repr": "Křemenáč březový (Leccinum versipelle) - Jedlá",
    "action_flag": 1,
    "change_message": "[{\"added\": {}}]"
  }
},
{
  "model": "admin.logentry",
  "pk": 242,
  "fields": {
    "action_time": "2024-07-21T16:37:01.712Z",
    "user": 1,
    "content_type": 8,
    "object_id": "37",
    "object_repr": "Křemenáč březový (Leccinum versipelle) - Jedlá",
    "action_flag": 2,
    "change_message": "[{\"changed\": {\"fields\": [\"Habitats\"]}}]"
  }
},
{
  "model": "admin.logentry",
  "pk": 243,
  "fields": {
    "action_time": "2024-07-21T16:40:34.217Z",
    "user": 1,
    "content_type": 8,
    "object_id": "38",
    "object_repr": "Límcovka černovýtrusá (Stropharia melanosperma) - Jedlá",
    "action_flag": 1,
    "change_message": "[{\"added\": {}}]"
  }
},
{
  "model": "admin.logentry",
  "pk": 244,
  "fields": {
    "action_time": "2024-07-21T16:43:43.241Z",
    "user": 1,
    "content_type": 8,
    "object_id": "39",
    "object_repr": "Límcovka věnčená (Stropharia coronilla) - Nejedlá",
    "action_flag": 1,
    "change_message": "[{\"added\": {}}]"
  }
},
{
  "model": "admin.logentry",
  "pk": 245,
  "fields": {
    "action_time": "2024-07-21T16:47:25.552Z",
    "user": 1,
    "content_type": 8,
    "object_id": "40",
    "object_repr": "Liška žlutavá (Craterellus lutescens) - Jedlá",
    "action_flag": 1,
    "change_message": "[{\"added\": {}}]"
  }
},
{
  "model": "admin.logentry",
  "pk": 246,
  "fields": {
    "action_time": "2024-07-21T16:48:32.302Z",
    "user": 1,
    "content_type": 7,
    "object_id": "20",
    "object_repr": "Mechy a mokřady",
    "action_flag": 1,
    "change_message": "[{\"added\": {}}]"
  }
},
{
  "model": "admin.logentry",
  "pk": 247,
  "fields": {
    "action_time": "2024-07-21T16:50:04.625Z",
    "user": 1,
    "content_type": 8,
    "object_id": "41",
    "object_repr": "Lysohlávka horská (Psilocybe montana) - Nejedlá",
    "action_flag": 1,
    "change_message": "[{\"added\": {}}]"
  }
},
{
  "model": "admin.logentry",
  "pk": 248,
  "fields": {
    "action_time": "2024-07-21T16:50:23.681Z",
    "user": 1,
    "content_type": 8,
    "object_id": "41",
    "object_repr": "Lysohlávka horská (Psilocybe montana) - Nejedlá",
    "action_flag": 2,
    "change_message": "[{\"changed\": {\"fields\": [\"Habitats\"]}}]"
  }
},
{
  "model": "admin.logentry",
  "pk": 249,
  "fields": {
    "action_time": "2024-07-21T16:53:14.978Z",
    "user": 1,
    "content_type": 8,
    "object_id": "42",
    "object_repr": "Lysohlávka hnojní (Deconica merdaria) - Jedovatá",
    "action_flag": 1,
    "change_message": "[{\"added\": {}}]"
  }
},
{
  "model": "admin.logentry",
  "pk": 250,
  "fields": {
    "action_time": "2024-07-21T16:54:12.438Z",
    "user": 1,
    "content_type": 8,
    "object_id": "38",
    "object_repr": "Límcovka černovýtrusá (Stropharia melanosperma) - Jedlá",
    "action_flag": 2,
    "change_message": "[{\"changed\": {\"fields\": [\"Image\"]}}]"
  }
},
{
  "model": "admin.logentry",
  "pk": 251,
  "fields": {
    "action_time": "2024-07-21T16:56:21.805Z",
    "user": 1,
    "content_type": 7,
    "object_id": "21",
    "object_repr": "V sadech a zahradách",
    "action_flag": 1,
    "change_message": "[{\"added\": {}}]"
  }
},
{
  "model": "admin.logentry",
  "pk": 252,
  "fields": {
    "action_time": "2024-07-21T16:57:40.879Z",
    "user": 1,
    "content_type": 8,
    "object_id": "43",
    "object_repr": "Muchomůrka šafránová (Amanita crocea) - Jedlá",
    "action_flag": 1,
    "change_message": "[{\"added\": {}}]"
  }
},
{
  "model": "admin.logentry",
  "pk": 253,
  "fields": {
    "action_time": "2024-07-21T16:58:13.330Z",
    "user": 1,
    "content_type": 8,
    "object_id": "43",
    "object_repr": "Muchomůrka šafránová (Amanita crocea) - Jedlá",
    "action_flag": 2,
    "change_message": "[{\"changed\": {\"fields\": [\"Habitats\"]}}]"
  }
},
{
  "model": "admin.logentry",
  "pk": 254,
  "fields": {
    "action_time": "2024-07-21T17:05:20.099Z",
    "user": 1,
    "content_type": 6,
    "object_id": "8",
    "object_repr": "Lupenotvaré - Pavunčincovité",
    "action_flag": 1,
    "change_message": "[{\"added\": {}}]"
  }
},
{
  "model": "admin.logentry",
  "pk": 255,
  "fields": {
    "action_time": "2024-07-21T17:06:18.561Z",
    "user": 1,
    "content_type": 8,
    "object_id": "44",
    "object_repr": "Pavučinec meruňkový (Cortinarius armeniacus) - Jedlá",
    "action_flag": 1,
    "change_message": "[{\"added\": {}}]"
  }
},
{
  "model": "admin.logentry",
  "pk": 256,
  "fields": {
    "action_time": "2024-07-21T17:06:29.363Z",
    "user": 1,
    "content_type": 8,
    "object_id": "44",
    "object_repr": "Pavučinec meruňkový (Cortinarius armeniacus) - Jedlá",
    "action_flag": 2,
    "change_message": "[{\"changed\": {\"fields\": [\"Family\"]}}]"
  }
},
{
  "model": "admin.logentry",
  "pk": 257,
  "fields": {
    "action_time": "2024-07-21T17:06:53.341Z",
    "user": 1,
    "content_type": 8,
    "object_id": "44",
    "object_repr": "Pavučinec meruňkový (Cortinarius armeniacus) - Nejedlá",
    "action_flag": 2,
    "change_message": "[{\"changed\": {\"fields\": [\"Edibility\"]}}]"
  }
},
{
  "model": "admin.logentry",
  "pk": 258,
  "fields": {
    "action_time": "2024-07-21T17:08:47.166Z",
    "user": 1,
    "content_type": 8,
    "object_id": "45",
    "object_repr": "Pavučinec nafialovělý (Cortinarius salor) - Jedlá",
    "action_flag": 1,
    "change_message": "[{\"added\": {}}]"
  }
},
{
  "model": "admin.logentry",
  "pk": 259,
  "fields": {
    "action_time": "2024-07-21T17:09:05.453Z",
    "user": 1,
    "content_type": 8,
    "object_id": "45",
    "object_repr": "Pavučinec nafialovělý (Cortinarius salor) - Nejedlá",
    "action_flag": 2,
    "change_message": "[{\"changed\": {\"fields\": [\"Edibility\"]}}]"
  }
},
{
  "model": "admin.logentry",
  "pk": 260,
  "fields": {
    "action_time": "2024-07-21T17:11:03.280Z",
    "user": 1,
    "content_type": 8,
    "object_id": "46",
    "object_repr": "Pavučinec různý (Cortinarius varius) - Jedlá",
    "action_flag": 1,
    "change_message": "[{\"added\": {}}]"
  }
},
{
  "model": "admin.logentry",
  "pk": 261,
  "fields": {
    "action_time": "2024-07-21T17:13:16.512Z",
    "user": 1,
    "content_type": 8,
    "object_id": "47",
    "object_repr": "Pavučinec smrčinný (Cortinarius spadicellus) - Nejedlá",
    "action_flag": 1,
    "change_message": "[{\"added\": {}}]"
  }
},
{
  "model": "admin.logentry",
  "pk": 262,
  "fields": {
    "action_time": "2024-07-21T17:18:20.699Z",
    "user": 1,
    "content_type": 8,
    "object_id": "48",
    "object_repr": "Pavučinec šedonohý (Cortinarius glaucopus) - Jedlá",
    "action_flag": 1,
    "change_message": "[{\"added\": {}}]"
  }
},
{
  "model": "admin.logentry",
  "pk": 263,
  "fields": {
    "action_time": "2024-07-21T17:20:10.882Z",
    "user": 1,
    "content_type": 8,
    "object_id": "49",
    "object_repr": "Pavučinec vítězný (Cortinarius triumphans) - Jedlá",
    "action_flag": 1,
    "change_message": "[{\"added\": {}}]"
  }
},
{
  "model": "admin.logentry",
  "pk": 264,
  "fields": {
    "action_time": "2024-07-21T17:22:27.216Z",
    "user": 1,
    "content_type": 8,
    "object_id": "50",
    "object_repr": "Pečárka císařská (Agaricus augustus) - Jedlá",
    "action_flag": 1,
    "change_message": "[{\"added\": {}}]"
  }
},
{
  "model": "admin.logentry",
  "pk": 265,
  "fields": {
    "action_time": "2024-07-21T17:23:00.573Z",
    "user": 1,
    "content_type": 8,
    "object_id": "49",
    "object_repr": "Pavučinec vítězný (Cortinarius triumphans) - Jedlá",
    "action_flag": 2,
    "change_message": "[{\"changed\": {\"fields\": [\"Image\"]}}]"
  }
},
{
  "model": "admin.logentry",
  "pk": 266,
  "fields": {
    "action_time": "2024-07-21T17:28:47.188Z",
    "user": 1,
    "content_type": 9,
    "object_id": "27",
    "object_repr": "Klouzky na smetaně",
    "action_flag": 1,
    "change_message": "[{\"added\": {}}]"
  }
},
{
  "model": "admin.logentry",
  "pk": 267,
  "fields": {
    "action_time": "2024-07-21T17:34:21.477Z",
    "user": 1,
    "content_type": 9,
    "object_id": "28",
    "object_repr": "Houbové karbanátky s klouzky – Jednoduchý klouzek recept",
    "action_flag": 1,
    "change_message": "[{\"added\": {}}]"
  }
},
{
  "model": "admin.logentry",
  "pk": 268,
  "fields": {
    "action_time": "2024-07-21T17:38:45.953Z",
    "user": 1,
    "content_type": 9,
    "object_id": "29",
    "object_repr": "Krémová houbová polévka s klouzky",
    "action_flag": 1,
    "change_message": "[{\"added\": {}}]"
  }
},
{
  "model": "admin.logentry",
  "pk": 269,
  "fields": {
    "action_time": "2024-07-21T17:47:39.873Z",
    "user": 1,
    "content_type": 9,
    "object_id": "30",
    "object_repr": "Hřib žlučník (hořčák) na slanině",
    "action_flag": 1,
    "change_message": "[{\"added\": {}}]"
  }
},
{
  "model": "admin.logentry",
  "pk": 270,
  "fields": {
    "action_time": "2024-07-21T17:52:16.231Z",
    "user": 1,
    "content_type": 9,
    "object_id": "26",
    "object_repr": "Dršťková polévka z kotrče",
    "action_flag": 2,
    "change_message": "[{\"changed\": {\"fields\": [\"Image\"]}}]"
  }
},
{
  "model": "admin.logentry",
  "pk": 271,
  "fields": {
    "action_time": "2024-07-22T15:55:04.896Z",
    "user": 1,
    "content_type": 8,
    "object_id": "51",
    "object_repr": "Testovací houba (Testus fungus) - Jedlá",
    "action_flag": 3,
    "change_message": ""
  }
},
{
  "model": "admin.logentry",
  "pk": 272,
  "fields": {
    "action_time": "2024-07-22T15:55:37.456Z",
    "user": 1,
    "content_type": 7,
    "object_id": "22",
    "object_repr": "Testovací habitat",
    "action_flag": 3,
    "change_message": ""
  }
},
{
  "model": "admin.logentry",
  "pk": 273,
  "fields": {
    "action_time": "2024-07-22T15:56:14.723Z",
    "user": 1,
    "content_type": 6,
    "object_id": "9",
    "object_repr": "Testovací rodina",
    "action_flag": 3,
    "change_message": ""
  }
},
{
  "model": "admin.logentry",
  "pk": 274,
  "fields": {
    "action_time": "2024-07-22T17:31:47.491Z",
    "user": 1,
    "content_type": 10,
    "object_id": "5",
    "object_repr": "NatureLover22",
    "action_flag": 2,
    "change_message": "[{\"changed\": {\"fields\": [\"Profile picture\"]}}]"
  }
},
{
  "model": "admin.logentry",
  "pk": 275,
  "fields": {
    "action_time": "2024-07-22T17:32:50.685Z",
    "user": 1,
    "content_type": 10,
    "object_id": "12",
    "object_repr": "NatureWalker",
    "action_flag": 2,
    "change_message": "[{\"changed\": {\"fields\": [\"Profile picture\"]}}]"
  }
},
{
  "model": "admin.logentry",
  "pk": 276,
  "fields": {
    "action_time": "2024-07-22T18:01:30.896Z",
    "user": 1,
    "content_type": 9,
    "object_id": "34",
    "object_repr": "Žampionové ragú s paprikovou smetanovou omáčkou",
    "action_flag": 1,
    "change_message": "[{\"added\": {}}]"
  }
},
{
  "model": "admin.logentry",
  "pk": 277,
  "fields": {
    "action_time": "2024-07-22T18:06:04.311Z",
    "user": 1,
    "content_type": 9,
    "object_id": "35",
    "object_repr": "Žampiony s česnekovým bokem a vejci dušené v pánvi",
    "action_flag": 1,
    "change_message": "[{\"added\": {}}]"
  }
},
{
  "model": "admin.logentry",
  "pk": 278,
  "fields": {
    "action_time": "2024-07-22T18:06:36.039Z",
    "user": 1,
    "content_type": 9,
    "object_id": "34",
    "object_repr": "Žampionové ragú s paprikovou smetanovou omáčkou",
    "action_flag": 2,
    "change_message": "[]"
  }
},
{
  "model": "admin.logentry",
  "pk": 279,
  "fields": {
    "action_time": "2024-07-22T18:06:52.656Z",
    "user": 1,
    "content_type": 9,
    "object_id": "35",
    "object_repr": "Žampiony s česnekovým bokem a vejci dušené v pánvi",
    "action_flag": 2,
    "change_message": "[{\"changed\": {\"fields\": [\"Image\"]}}]"
  }
},
{
  "model": "auth.permission",
  "pk": 1,
  "fields": {
    "name": "Can add log entry",
    "content_type": 1,
    "codename": "add_logentry"
  }
},
{
  "model": "auth.permission",
  "pk": 2,
  "fields": {
    "name": "Can change log entry",
    "content_type": 1,
    "codename": "change_logentry"
  }
},
{
  "model": "auth.permission",
  "pk": 3,
  "fields": {
    "name": "Can delete log entry",
    "content_type": 1,
    "codename": "delete_logentry"
  }
},
{
  "model": "auth.permission",
  "pk": 4,
  "fields": {
    "name": "Can view log entry",
    "content_type": 1,
    "codename": "view_logentry"
  }
},
{
  "model": "auth.permission",
  "pk": 5,
  "fields": {
    "name": "Can add permission",
    "content_type": 2,
    "codename": "add_permission"
  }
},
{
  "model": "auth.permission",
  "pk": 6,
  "fields": {
    "name": "Can change permission",
    "content_type": 2,
    "codename": "change_permission"
  }
},
{
  "model": "auth.permission",
  "pk": 7,
  "fields": {
    "name": "Can delete permission",
    "content_type": 2,
    "codename": "delete_permission"
  }
},
{
  "model": "auth.permission",
  "pk": 8,
  "fields": {
    "name": "Can view permission",
    "content_type": 2,
    "codename": "view_permission"
  }
},
{
  "model": "auth.permission",
  "pk": 9,
  "fields": {
    "name": "Can add group",
    "content_type": 3,
    "codename": "add_group"
  }
},
{
  "model": "auth.permission",
  "pk": 10,
  "fields": {
    "name": "Can change group",
    "content_type": 3,
    "codename": "change_group"
  }
},
{
  "model": "auth.permission",
  "pk": 11,
  "fields": {
    "name": "Can delete group",
    "content_type": 3,
    "codename": "delete_group"
  }
},
{
  "model": "auth.permission",
  "pk": 12,
  "fields": {
    "name": "Can view group",
    "content_type": 3,
    "codename": "view_group"
  }
},
{
  "model": "auth.permission",
  "pk": 13,
  "fields": {
    "name": "Can add user",
    "content_type": 4,
    "codename": "add_user"
  }
},
{
  "model": "auth.permission",
  "pk": 14,
  "fields": {
    "name": "Can change user",
    "content_type": 4,
    "codename": "change_user"
  }
},
{
  "model": "auth.permission",
  "pk": 15,
  "fields": {
    "name": "Can delete user",
    "content_type": 4,
    "codename": "delete_user"
  }
},
{
  "model": "auth.permission",
  "pk": 16,
  "fields": {
    "name": "Can view user",
    "content_type": 4,
    "codename": "view_user"
  }
},
{
  "model": "auth.permission",
  "pk": 17,
  "fields": {
    "name": "Can add content type",
    "content_type": 5,
    "codename": "add_contenttype"
  }
},
{
  "model": "auth.permission",
  "pk": 18,
  "fields": {
    "name": "Can change content type",
    "content_type": 5,
    "codename": "change_contenttype"
  }
},
{
  "model": "auth.permission",
  "pk": 19,
  "fields": {
    "name": "Can delete content type",
    "content_type": 5,
    "codename": "delete_contenttype"
  }
},
{
  "model": "auth.permission",
  "pk": 20,
  "fields": {
    "name": "Can view content type",
    "content_type": 5,
    "codename": "view_contenttype"
  }
},
{
  "model": "auth.permission",
  "pk": 21,
  "fields": {
    "name": "Can add session",
    "content_type": 15,
    "codename": "add_session"
  }
},
{
  "model": "auth.permission",
  "pk": 22,
  "fields": {
    "name": "Can change session",
    "content_type": 15,
    "codename": "change_session"
  }
},
{
  "model": "auth.permission",
  "pk": 23,
  "fields": {
    "name": "Can delete session",
    "content_type": 15,
    "codename": "delete_session"
  }
},
{
  "model": "auth.permission",
  "pk": 24,
  "fields": {
    "name": "Can view session",
    "content_type": 15,
    "codename": "view_session"
  }
},
{
  "model": "auth.permission",
  "pk": 25,
  "fields": {
    "name": "Can add family",
    "content_type": 6,
    "codename": "add_family"
  }
},
{
  "model": "auth.permission",
  "pk": 26,
  "fields": {
    "name": "Can change family",
    "content_type": 6,
    "codename": "change_family"
  }
},
{
  "model": "auth.permission",
  "pk": 27,
  "fields": {
    "name": "Can delete family",
    "content_type": 6,
    "codename": "delete_family"
  }
},
{
  "model": "auth.permission",
  "pk": 28,
  "fields": {
    "name": "Can view family",
    "content_type": 6,
    "codename": "view_family"
  }
},
{
  "model": "auth.permission",
  "pk": 29,
  "fields": {
    "name": "Can add finding",
    "content_type": 13,
    "codename": "add_finding"
  }
},
{
  "model": "auth.permission",
  "pk": 30,
  "fields": {
    "name": "Can change finding",
    "content_type": 13,
    "codename": "change_finding"
  }
},
{
  "model": "auth.permission",
  "pk": 31,
  "fields": {
    "name": "Can delete finding",
    "content_type": 13,
    "codename": "delete_finding"
  }
},
{
  "model": "auth.permission",
  "pk": 32,
  "fields": {
    "name": "Can view finding",
    "content_type": 13,
    "codename": "view_finding"
  }
},
{
  "model": "auth.permission",
  "pk": 33,
  "fields": {
    "name": "Can add comment",
    "content_type": 14,
    "codename": "add_comment"
  }
},
{
  "model": "auth.permission",
  "pk": 34,
  "fields": {
    "name": "Can change comment",
    "content_type": 14,
    "codename": "change_comment"
  }
},
{
  "model": "auth.permission",
  "pk": 35,
  "fields": {
    "name": "Can delete comment",
    "content_type": 14,
    "codename": "delete_comment"
  }
},
{
  "model": "auth.permission",
  "pk": 36,
  "fields": {
    "name": "Can view comment",
    "content_type": 14,
    "codename": "view_comment"
  }
},
{
  "model": "auth.permission",
  "pk": 37,
  "fields": {
    "name": "Can add mushroom",
    "content_type": 8,
    "codename": "add_mushroom"
  }
},
{
  "model": "auth.permission",
  "pk": 38,
  "fields": {
    "name": "Can change mushroom",
    "content_type": 8,
    "codename": "change_mushroom"
  }
},
{
  "model": "auth.permission",
  "pk": 39,
  "fields": {
    "name": "Can delete mushroom",
    "content_type": 8,
    "codename": "delete_mushroom"
  }
},
{
  "model": "auth.permission",
  "pk": 40,
  "fields": {
    "name": "Can view mushroom",
    "content_type": 8,
    "codename": "view_mushroom"
  }
},
{
  "model": "auth.permission",
  "pk": 41,
  "fields": {
    "name": "Can add recipe",
    "content_type": 9,
    "codename": "add_recipe"
  }
},
{
  "model": "auth.permission",
  "pk": 42,
  "fields": {
    "name": "Can change recipe",
    "content_type": 9,
    "codename": "change_recipe"
  }
},
{
  "model": "auth.permission",
  "pk": 43,
  "fields": {
    "name": "Can delete recipe",
    "content_type": 9,
    "codename": "delete_recipe"
  }
},
{
  "model": "auth.permission",
  "pk": 44,
  "fields": {
    "name": "Can view recipe",
    "content_type": 9,
    "codename": "view_recipe"
  }
},
{
  "model": "auth.permission",
  "pk": 45,
  "fields": {
    "name": "Can add tip",
    "content_type": 11,
    "codename": "add_tip"
  }
},
{
  "model": "auth.permission",
  "pk": 46,
  "fields": {
    "name": "Can change tip",
    "content_type": 11,
    "codename": "change_tip"
  }
},
{
  "model": "auth.permission",
  "pk": 47,
  "fields": {
    "name": "Can delete tip",
    "content_type": 11,
    "codename": "delete_tip"
  }
},
{
  "model": "auth.permission",
  "pk": 48,
  "fields": {
    "name": "Can view tip",
    "content_type": 11,
    "codename": "view_tip"
  }
},
{
  "model": "auth.permission",
  "pk": 49,
  "fields": {
    "name": "Can add habitat",
    "content_type": 7,
    "codename": "add_habitat"
  }
},
{
  "model": "auth.permission",
  "pk": 50,
  "fields": {
    "name": "Can change habitat",
    "content_type": 7,
    "codename": "change_habitat"
  }
},
{
  "model": "auth.permission",
  "pk": 51,
  "fields": {
    "name": "Can delete habitat",
    "content_type": 7,
    "codename": "delete_habitat"
  }
},
{
  "model": "auth.permission",
  "pk": 52,
  "fields": {
    "name": "Can view habitat",
    "content_type": 7,
    "codename": "view_habitat"
  }
},
{
  "model": "auth.permission",
  "pk": 53,
  "fields": {
    "name": "Can add profile",
    "content_type": 10,
    "codename": "add_profile"
  }
},
{
  "model": "auth.permission",
  "pk": 54,
  "fields": {
    "name": "Can change profile",
    "content_type": 10,
    "codename": "change_profile"
  }
},
{
  "model": "auth.permission",
  "pk": 55,
  "fields": {
    "name": "Can delete profile",
    "content_type": 10,
    "codename": "delete_profile"
  }
},
{
  "model": "auth.permission",
  "pk": 56,
  "fields": {
    "name": "Can view profile",
    "content_type": 10,
    "codename": "view_profile"
  }
},
{
  "model": "auth.permission",
  "pk": 57,
  "fields": {
    "name": "Can add Token",
    "content_type": 16,
    "codename": "add_token"
  }
},
{
  "model": "auth.permission",
  "pk": 58,
  "fields": {
    "name": "Can change Token",
    "content_type": 16,
    "codename": "change_token"
  }
},
{
  "model": "auth.permission",
  "pk": 59,
  "fields": {
    "name": "Can delete Token",
    "content_type": 16,
    "codename": "delete_token"
  }
},
{
  "model": "auth.permission",
  "pk": 60,
  "fields": {
    "name": "Can view Token",
    "content_type": 16,
    "codename": "view_token"
  }
},
{
  "model": "auth.permission",
  "pk": 61,
  "fields": {
    "name": "Can add Token",
    "content_type": 12,
    "codename": "add_tokenproxy"
  }
},
{
  "model": "auth.permission",
  "pk": 62,
  "fields": {
    "name": "Can change Token",
    "content_type": 12,
    "codename": "change_tokenproxy"
  }
},
{
  "model": "auth.permission",
  "pk": 63,
  "fields": {
    "name": "Can delete Token",
    "content_type": 12,
    "codename": "delete_tokenproxy"
  }
},
{
  "model": "auth.permission",
  "pk": 64,
  "fields": {
    "name": "Can view Token",
    "content_type": 12,
    "codename": "view_tokenproxy"
  }
},
{
  "model": "auth.permission",
  "pk": 65,
  "fields": {
    "name": "Can add rating",
    "content_type": 17,
    "codename": "add_rating"
  }
},
{
  "model": "auth.permission",
  "pk": 66,
  "fields": {
    "name": "Can change rating",
    "content_type": 17,
    "codename": "change_rating"
  }
},
{
  "model": "auth.permission",
  "pk": 67,
  "fields": {
    "name": "Can delete rating",
    "content_type": 17,
    "codename": "delete_rating"
  }
},
{
  "model": "auth.permission",
  "pk": 68,
  "fields": {
    "name": "Can view rating",
    "content_type": 17,
    "codename": "view_rating"
  }
},
{
  "model": "auth.permission",
  "pk": 69,
  "fields": {
    "name": "Can add message",
    "content_type": 18,
    "codename": "add_message"
  }
},
{
  "model": "auth.permission",
  "pk": 70,
  "fields": {
    "name": "Can change message",
    "content_type": 18,
    "codename": "change_message"
  }
},
{
  "model": "auth.permission",
  "pk": 71,
  "fields": {
    "name": "Can delete message",
    "content_type": 18,
    "codename": "delete_message"
  }
},
{
  "model": "auth.permission",
  "pk": 72,
  "fields": {
    "name": "Can view message",
    "content_type": 18,
    "codename": "view_message"
  }
},
{
  "model": "auth.permission",
  "pk": 73,
  "fields": {
    "name": "Can add message",
    "content_type": 19,
    "codename": "add_message"
  }
},
{
  "model": "auth.permission",
  "pk": 74,
  "fields": {
    "name": "Can change message",
    "content_type": 19,
    "codename": "change_message"
  }
},
{
  "model": "auth.permission",
  "pk": 75,
  "fields": {
    "name": "Can delete message",
    "content_type": 19,
    "codename": "delete_message"
  }
},
{
  "model": "auth.permission",
  "pk": 76,
  "fields": {
    "name": "Can view message",
    "content_type": 19,
    "codename": "view_message"
  }
},
{
  "model": "auth.permission",
  "pk": 77,
  "fields": {
    "name": "Can add attachment",
    "content_type": 20,
    "codename": "add_attachment"
  }
},
{
  "model": "auth.permission",
  "pk": 78,
  "fields": {
    "name": "Can change attachment",
    "content_type": 20,
    "codename": "change_attachment"
  }
},
{
  "model": "auth.permission",
  "pk": 79,
  "fields": {
    "name": "Can delete attachment",
    "content_type": 20,
    "codename": "delete_attachment"
  }
},
{
  "model": "auth.permission",
  "pk": 80,
  "fields": {
    "name": "Can view attachment",
    "content_type": 20,
    "codename": "view_attachment"
  }
},
{
  "model": "auth.permission",
  "pk": 81,
  "fields": {
    "name": "Can add comment recipe",
    "content_type": 21,
    "codename": "add_commentrecipe"
  }
},
{
  "model": "auth.permission",
  "pk": 82,
  "fields": {
    "name": "Can change comment recipe",
    "content_type": 21,
    "codename": "change_commentrecipe"
  }
},
{
  "model": "auth.permission",
  "pk": 83,
  "fields": {
    "name": "Can delete comment recipe",
    "content_type": 21,
    "codename": "delete_commentrecipe"
  }
},
{
  "model": "auth.permission",
  "pk": 84,
  "fields": {
    "name": "Can view comment recipe",
    "content_type": 21,
    "codename": "view_commentrecipe"
  }
},
{
  "model": "auth.user",
  "pk": 1,
  "fields": {
    "password": "pbkdf2_sha256$720000$U9sMqw1BIgBt34xHDY7Zl4$M+Zdk+1877ZUhkEf2tztKvxYnQzx3EYSVZn9Ws+gO6k=",
    "last_login": "2024-07-22T17:56:53.137Z",
    "is_superuser": true,
    "username": "admin",
    "first_name": "",
    "last_name": "",
    "email": "z.havranek@centrum.cz",
    "is_staff": true,
    "is_active": true,
    "date_joined": "2024-07-08T06:57:56Z",
    "groups": [],
    "user_permissions": [
      53,
      54,
      55,
      56,
      1,
      2,
      3,
      4,
      9,
      10,
      11,
      12,
      5,
      6,
      7,
      8,
      13,
      14,
      15,
      16,
      57,
      58,
      59,
      60,
      61,
      62,
      63,
      64,
      17,
      18,
      19,
      20,
      21,
      22,
      23,
      24,
      33,
      34,
      35,
      36,
      25,
      26,
      27,
      28,
      29,
      30,
      31,
      32,
      49,
      50,
      51,
      52,
      37,
      38,
      39,
      40,
      41,
      42,
      43,
      44,
      45,
      46,
      47,
      48
    ]
  }
},
{
  "model": "auth.user",
  "pk": 2,
  "fields": {
    "password": "pbkdf2_sha256$720000$NOXuevijW7wpOSYA41xnMP$ovoR3FHICcBDH2OOZgwCtwqOQSvKjH1UWvzDjPQr0kA=",
    "last_login": "2024-07-23T11:43:14.369Z",
    "is_superuser": false,
    "username": "MushroomHunter",
    "first_name": "Pavel",
    "last_name": "Černý",
    "email": "pavel.cerny@centrum.cz",
    "is_staff": false,
    "is_active": true,
    "date_joined": "2024-07-08T07:00:19Z",
    "groups": [],
    "user_permissions": []
  }
},
{
  "model": "auth.user",
  "pk": 3,
  "fields": {
    "password": "pbkdf2_sha256$720000$anaiMstPD9wdBDP6Pd4Xjj$MAW+epXM6NuD3WeM76zLUcpcMXH+SrvMvMM0skEVf1o=",
    "last_login": "2024-07-22T15:56:52.108Z",
    "is_superuser": false,
    "username": "NatureLover22",
    "first_name": "Marcel",
    "last_name": "Horák",
    "email": "tomas.horak@webmail.com",
    "is_staff": false,
    "is_active": true,
    "date_joined": "2024-07-08T07:00:44Z",
    "groups": [],
    "user_permissions": []
  }
},
{
  "model": "auth.user",
  "pk": 4,
  "fields": {
    "password": "pbkdf2_sha256$720000$GdDqnqUWESgvBzPxDTI91x$Dn+85ZUkaSlHyyWNKEm95LodJlyYayoDfbibEVfnGMg=",
    "last_login": "2024-07-22T18:23:10.041Z",
    "is_superuser": false,
    "username": "ForestExplorer",
    "first_name": "Jan",
    "last_name": "Novák",
    "email": "jan.novak@seznam.cz",
    "is_staff": false,
    "is_active": true,
    "date_joined": "2024-07-08T07:01:02Z",
    "groups": [],
    "user_permissions": []
  }
},
{
  "model": "auth.user",
  "pk": 5,
  "fields": {
    "password": "pbkdf2_sha256$720000$41zN55g73tfftybMoeJHfz$XsoVMxFXTTg9Ss5V2bX+0qt8ThrNgvXd3c3F3bKc+gY=",
    "last_login": "2024-07-11T17:23:11.638Z",
    "is_superuser": false,
    "username": "ShroomMaster",
    "first_name": "Jiří",
    "last_name": "Procházka",
    "email": "jiri.prochazka@gmail.com",
    "is_staff": false,
    "is_active": true,
    "date_joined": "2024-07-08T07:01:15Z",
    "groups": [],
    "user_permissions": []
  }
},
{
  "model": "auth.user",
  "pk": 6,
  "fields": {
    "password": "pbkdf2_sha256$720000$FCrM2qKR3Crc4dhQiGyi7d$tQ8vADE5GUM1+fjLxqgM+y6jdikKswwgsnvi0DrnkiM=",
    "last_login": "2024-07-22T17:19:11.460Z",
    "is_superuser": false,
    "username": "MycoFanatic",
    "first_name": "Kateřina",
    "last_name": "Kučerová",
    "email": "katerina.kucerova@seznam.cz",
    "is_staff": false,
    "is_active": true,
    "date_joined": "2024-07-08T07:01:30Z",
    "groups": [],
    "user_permissions": []
  }
},
{
  "model": "auth.user",
  "pk": 7,
  "fields": {
    "password": "pbkdf2_sha256$720000$sEqaUJdfb73VfpnQ3hGpNc$mnEoaNKmtolRPRWgCTMaL9BsAhiBMAcovhLAWdQnXjA=",
    "last_login": "2024-07-22T15:39:38.742Z",
    "is_superuser": false,
    "username": "FungiFreak",
    "first_name": "Alena",
    "last_name": "Králová",
    "email": "alena.kralova@gmail.com",
    "is_staff": false,
    "is_active": true,
    "date_joined": "2024-07-08T07:01:49Z",
    "groups": [],
    "user_permissions": [
      25,
      49,
      50,
      37,
      41
    ]
  }
},
{
  "model": "auth.user",
  "pk": 10,
  "fields": {
    "password": "pbkdf2_sha256$720000$PsWmoPVMbgz7ceZWJ5Jj2Q$3eRwzEG8hwwC1c/9hC7AtDE1xOX2+1rAS+wUXrWy/+w=",
    "last_login": "2024-07-11T16:19:31.047Z",
    "is_superuser": false,
    "username": "FungiEnthusiast",
    "first_name": "Václav",
    "last_name": "Majer",
    "email": "v.majer@gmail.com",
    "is_staff": false,
    "is_active": true,
    "date_joined": "2024-07-09T20:57:15.998Z",
    "groups": [],
    "user_permissions": []
  }
},
{
  "model": "auth.user",
  "pk": 11,
  "fields": {
    "password": "pbkdf2_sha256$720000$NocsyacngH05DeTzL6kxQI$3tXDHQ2HFtqdhMG1gCOVEt/9g6mcNEHmcKvHCQ2VHSc=",
    "last_login": "2024-07-21T22:15:47.042Z",
    "is_superuser": false,
    "username": "FungiFanatic",
    "first_name": "Tomáš",
    "last_name": "Dvořák",
    "email": "tomas.dvorak@example.com",
    "is_staff": false,
    "is_active": true,
    "date_joined": "2024-07-09T21:06:48.277Z",
    "groups": [],
    "user_permissions": []
  }
},
{
  "model": "auth.user",
  "pk": 12,
  "fields": {
    "password": "pbkdf2_sha256$720000$R5fEnvYIj3fcymbRPc1UMz$AzXh3mBmRcBHbE0K/yVs1NHvWQC5YW9L9fxpajhkvwQ=",
    "last_login": "2024-07-14T20:33:04.108Z",
    "is_superuser": false,
    "username": "MushroomQueen",
    "first_name": "Petra",
    "last_name": "Svobodová",
    "email": "petra.svobodova@example.com",
    "is_staff": false,
    "is_active": true,
    "date_joined": "2024-07-09T21:08:13.095Z",
    "groups": [],
    "user_permissions": []
  }
},
{
  "model": "auth.user",
  "pk": 13,
  "fields": {
    "password": "pbkdf2_sha256$720000$2hSjraV4mu7iJT5iboBRVn$2v6qqkeaM7sFLxuEa3olgts6qMWw7DK8Sns3nzEx7r0=",
    "last_login": "2024-07-23T11:41:44.399Z",
    "is_superuser": false,
    "username": "NatureWalker",
    "first_name": "Šimon",
    "last_name": "Horák",
    "email": "simon.horak@example.com",
    "is_staff": false,
    "is_active": true,
    "date_joined": "2024-07-09T21:12:08.190Z",
    "groups": [],
    "user_permissions": []
  }
},
{
  "model": "auth.user",
  "pk": 14,
  "fields": {
    "password": "pbkdf2_sha256$720000$VENXpUNcFxfbvuBdKAxrnd$4ow1waBiKg1b6hjyvESgvlPmPyq5ZpBgWjpNHymxCTk=",
    "last_login": "2024-07-23T15:41:38.916Z",
    "is_superuser": true,
    "username": "simon",
    "first_name": "",
    "last_name": "",
    "email": "ssery2@seznam.cz",
    "is_staff": true,
    "is_active": true,
    "date_joined": "2024-07-10T17:30:51.393Z",
    "groups": [],
    "user_permissions": []
  }
},
{
  "model": "auth.user",
  "pk": 15,
  "fields": {
    "password": "pbkdf2_sha256$720000$xzssgJfzBwsJ2yvt9l7jhD$xvSaX5MEG5I8Xvk9S0pbwuipymdVJn12w3gMamojc+U=",
    "last_login": null,
    "is_superuser": false,
    "username": "TestUser1",
    "first_name": "Name",
    "last_name": "Surname",
    "email": "",
    "is_staff": false,
    "is_active": true,
    "date_joined": "2024-07-22T15:41:13.864Z",
    "groups": [],
    "user_permissions": []
  }
},
{
  "model": "contenttypes.contenttype",
  "pk": 1,
  "fields": {
    "app_label": "admin",
    "model": "logentry"
  }
},
{
  "model": "contenttypes.contenttype",
  "pk": 2,
  "fields": {
    "app_label": "auth",
    "model": "permission"
  }
},
{
  "model": "contenttypes.contenttype",
  "pk": 3,
  "fields": {
    "app_label": "auth",
    "model": "group"
  }
},
{
  "model": "contenttypes.contenttype",
  "pk": 4,
  "fields": {
    "app_label": "auth",
    "model": "user"
  }
},
{
  "model": "contenttypes.contenttype",
  "pk": 5,
  "fields": {
    "app_label": "contenttypes",
    "model": "contenttype"
  }
},
{
  "model": "contenttypes.contenttype",
  "pk": 6,
  "fields": {
    "app_label": "viewer",
    "model": "family"
  }
},
{
  "model": "contenttypes.contenttype",
  "pk": 7,
  "fields": {
    "app_label": "viewer",
    "model": "habitat"
  }
},
{
  "model": "contenttypes.contenttype",
  "pk": 8,
  "fields": {
    "app_label": "viewer",
    "model": "mushroom"
  }
},
{
  "model": "contenttypes.contenttype",
  "pk": 9,
  "fields": {
    "app_label": "viewer",
    "model": "recipe"
  }
},
{
  "model": "contenttypes.contenttype",
  "pk": 10,
  "fields": {
    "app_label": "accounts",
    "model": "profile"
  }
},
{
  "model": "contenttypes.contenttype",
  "pk": 11,
  "fields": {
    "app_label": "viewer",
    "model": "tip"
  }
},
{
  "model": "contenttypes.contenttype",
  "pk": 12,
  "fields": {
    "app_label": "authtoken",
    "model": "tokenproxy"
  }
},
{
  "model": "contenttypes.contenttype",
  "pk": 13,
  "fields": {
    "app_label": "viewer",
    "model": "finding"
  }
},
{
  "model": "contenttypes.contenttype",
  "pk": 14,
  "fields": {
    "app_label": "viewer",
    "model": "comment"
  }
},
{
  "model": "contenttypes.contenttype",
  "pk": 15,
  "fields": {
    "app_label": "sessions",
    "model": "session"
  }
},
{
  "model": "contenttypes.contenttype",
  "pk": 16,
  "fields": {
    "app_label": "authtoken",
    "model": "token"
  }
},
{
  "model": "contenttypes.contenttype",
  "pk": 17,
  "fields": {
    "app_label": "viewer",
    "model": "rating"
  }
},
{
  "model": "contenttypes.contenttype",
  "pk": 18,
  "fields": {
    "app_label": "viewer",
    "model": "message"
  }
},
{
  "model": "contenttypes.contenttype",
  "pk": 19,
  "fields": {
    "app_label": "messaging",
    "model": "message"
  }
},
{
  "model": "contenttypes.contenttype",
  "pk": 20,
  "fields": {
    "app_label": "messaging",
    "model": "attachment"
  }
},
{
  "model": "contenttypes.contenttype",
  "pk": 21,
  "fields": {
    "app_label": "viewer",
    "model": "commentrecipe"
  }
},
{
  "model": "sessions.session",
  "pk": "1mdheatfppfaqwd6604qd47hc2yp2er4",
  "fields": {
    "session_data": ".eJxVjMsOwiAQRf-FtSG8GVy69xvIUAapGkhKuzL-uzbpQrf3nHNfLOK21rgNWuKc2ZlJdvrdEk4PajvId2y3zqfe1mVOfFf4QQe_9kzPy-H-HVQc9VuDEYBauZJlUQF8DgINgM1GiwSOrDKhSGt0QRJUnAJMDkB75wuZ5Nj7A8EGNzQ:1sS06t:_N9f7GYF8Ul-JN9hcF40X8-eKzUy3JavE88EfVjCi74",
    "expire_date": "2024-07-25T20:09:47.552Z"
  }
},
{
  "model": "sessions.session",
  "pk": "73cv68bvh6tzdds9xeivx1wywkr96fwi",
  "fields": {
    "session_data": ".eJxVjDsOwjAQBe_iGlmynXgdSnrOEK13X0gA2VI-FeLuECkFtG9m3sv0vK1jvy2Y-0nN2ZA5_W6Z5YGyA71zuVUrtazzlO2u2IMu9loVz8vh_h2MvIzf2gcikqjSeGREH9G6FLgbhCFEXRpYpAECgOQYoXXZO0XoFJFSNO8PBCo44Q:1sRFUY:yyf-2HJT8NwFEn-vqNKy8n7JLrYtmuP8fsFRF7IY4ls",
    "expire_date": "2024-07-23T18:23:06.407Z"
  }
},
{
  "model": "sessions.session",
  "pk": "76d4pru0i2tg1d9geyy4rjb2eki1myb6",
  "fields": {
    "session_data": ".eJxVjs0OgyAQhN-Fc0NAdwE99u4zkAW2an8gEU0PTd-9NfHQXuf7ZjIv4WlbJ79VXvycRC9acfrNAsUb5x2kK-WxyFjyusxB7oo8aJVDSXw_H-7fwER1-raVRd0ZbIIzaB10DRBgiGj1JZlI2DrHCNqCa0mRTREardCYRAqMUfurzE__4Fpp5Opj2fIqevX-AORWPok:1sVvPA:81jrbX_8Njq__sIMzgs1RBrnbncSaAPsmK8Yc5Z5kwY",
    "expire_date": "2024-08-05T15:56:52.159Z"
  }
},
{
  "model": "sessions.session",
  "pk": "b0945ggmlgs4hffvh6au4n5lscxsyln9",
  "fields": {
    "session_data": ".eJxVjDsOwjAQBe_iGlmynXgdSnrOEK13X0gA2VI-FeLuECkFtG9m3sv0vK1jvy2Y-0nN2ZA5_W6Z5YGyA71zuVUrtazzlO2u2IMu9loVz8vh_h2MvIzf2gcikqjSeGREH9G6FLgbhCFEXRpYpAECgOQYoXXZO0XoFJFSNO8PBCo44Q:1sRFSD:hsX13LTQe3Or5BQIC7-tfrMeLCU628L2IUXgXZSgbHE",
    "expire_date": "2024-07-23T18:20:41.527Z"
  }
},
{
  "model": "sessions.session",
  "pk": "dbw7kurd1gjvdryrfopm4sfgpcba00gt",
  "fields": {
    "session_data": ".eJxVjMsOgyAQRf-FdUPwMYAuu_cbyMAMah-QiKaLpv9eTVy023vOPW_hcFsntxVe3EyiF1pcfjeP4c7pAHTDNGYZclqX2ctDkSctcsjEj-vp_gUmLNP-Nq1WDVRBkY_AZA1YttB5TQ23tWalbEBqQXsTDTSxMmRBEaENvurquEcTv9yTS8GRiwt5S6vo1ecLQ3xATA:1sVwgp:8tMnqCqRX-Yh7oEk50TAQSfEjfVD43zmzXq8mKZsg4k",
    "expire_date": "2024-08-05T17:19:11.520Z"
  }
},
{
  "model": "sessions.session",
  "pk": "duw23zcju92pobksyv7447jrvizytscp",
  "fields": {
    "session_data": ".eJxVjDsOwyAUBO9CHVkBbMAu0-cM6PFYf_IBydhKEeXusSUXSbszO2_haV1GvxbMfoqiE1acfrdAfEfaQbxRGnLFOS3zFKpdqQ5aqmuOeFwO9y8wUhm3t9LWWjaRa4UAowwa6TS1PRPY2tb1xFwDGoCTBN3IoGSEbiOMdWaLJrz8E6XQgOI5r2kR3fnzBYOBQUQ:1sVv8U:VOe4c4cwfvtBQBdFvtiEfFRpboXLV_t_gnvi3lZPvGE",
    "expire_date": "2024-08-05T15:39:38.813Z"
  }
},
{
  "model": "sessions.session",
  "pk": "lbks4h388earppaei27exjksbgs0hnek",
  "fields": {
    "session_data": ".eJxVjDsOwyAQBe9CHSEDMRiX6XMGtOyuP_mAZLBSRLl7bMlF0r6ZN28RYK1TWAsvYSbRCy1Ov1sEvHPaAd0gjVliTnWZo9wVedAir5n4cTncv8AEZdre1joDtnNtOzhwttHcoYlAFI2C2AyKWqWAvLbeELNGh1qT8sZ7PDM2WzTxKzy5FBi5BMxrqqK3ny9KAUBo:1sWDvG:hcpfNbpMshbISbq83luwkwjBlGQXfvkhx5qZvWXxsvs",
    "expire_date": "2024-08-06T11:43:14.401Z"
  }
},
{
  "model": "sessions.session",
  "pk": "pnc8i9uargykbomw5s9rtl3gnc0rkhuh",
  "fields": {
    "session_data": ".eJxVjMsOwiAQRf-FtSG8GVy69xvIUAapGkhKuzL-uzbpQrf3nHNfLOK21rgNWuKc2ZlJdvrdEk4PajvId2y3zqfe1mVOfFf4QQe_9kzPy-H-HVQc9VuDEYBauZJlUQF8DgINgM1GiwSOrDKhSGt0QRJUnAJMDkB75wuZ5Nj7A8EGNzQ:1sSMnh:Xls5o9I4xhyB5t9B1stpJxaVHheedDKUvRUh5hd5_HI",
    "expire_date": "2024-07-26T20:23:29.049Z"
  }
},
{
  "model": "sessions.session",
  "pk": "q4xodxujbcb79gckccaz2uxtiwml83z8",
  "fields": {
    "session_data": ".eJxVjDsOwjAQBe_iGlmynXgdSnrOEK13X0gA2VI-FeLuECkFtG9m3sv0vK1jvy2Y-0nN2ZA5_W6Z5YGyA71zuVUrtazzlO2u2IMu9loVz8vh_h2MvIzf2gcikqjSeGREH9G6FLgbhCFEXRpYpAECgOQYoXXZO0XoFJFSNO8PBCo44Q:1sRFSb:Q7pWGEiHHLyd0uQmKjTXGHcnCqVYM5QTKQejEwBPuX8",
    "expire_date": "2024-07-23T18:21:05.390Z"
  }
},
{
  "model": "sessions.session",
  "pk": "ukbvxt7fxoahpb21licbw7z3gqbeli46",
  "fields": {
    "session_data": ".eJxVjDsOwjAQBe_iGlmynXgdSnrOEK13X0gA2VI-FeLuECkFtG9m3sv0vK1jvy2Y-0nN2ZA5_W6Z5YGyA71zuVUrtazzlO2u2IMu9loVz8vh_h2MvIzf2gcikqjSeGREH9G6FLgbhCFEXRpYpAECgOQYoXXZO0XoFJFSNO8PBCo44Q:1sRFSz:9R8TiQ7NPN7qZIoBT94a80PyjWlGr17AXjE0zpoeq_s",
    "expire_date": "2024-07-23T18:21:29.374Z"
  }
},
{
  "model": "sessions.session",
  "pk": "vqnx7hz4co8dx5zv37xdh5jjbz1ib0cy",
  "fields": {
    "session_data": ".eJxVjMsOwiAQRf-FtSG8GVy69xvIUAapGkhKuzL-uzbpQrf3nHNfLOK21rgNWuKc2ZlJdvrdEk4PajvId2y3zqfe1mVOfFf4QQe_9kzPy-H-HVQc9VuDEYBauZJlUQF8DgINgM1GiwSOrDKhSGt0QRJUnAJMDkB75wuZ5Nj7A8EGNzQ:1sRU2q:uC2nPHYrgzWxWFUJnHz5GsVjrRA93fBvfBV6mcwW2Rw",
    "expire_date": "2024-07-24T09:55:28.328Z"
  }
},
{
  "model": "sessions.session",
  "pk": "vsjkihe4ohmjxsjwyum0jusfiuej8v0i",
  "fields": {
    "session_data": ".eJxVTssOgyAQ_BfODQFdFD323m8gC7uKfUAimh6a_nu18dBmDpPMK_MSDtclurXw7CYSvdAgTr-ix3DjtDt0xTRmGXJa5snLPSIPt8hLJr6fj-zfQMQSt3awLRiwulYGvNpAA9WmoQp0aGznQ6OqbqOh5cowGtUBk2qBdG0Av68SP92DS8GRiwt5TYvo1fsDTW4_zw:1sWHdy:jq1AcM9GIkHAuXxvVTK9txqh9TH3L_eC7W1Q0CUwQZg",
    "expire_date": "2024-08-06T15:41:38.953Z"
  }
},
{
  "model": "sessions.session",
  "pk": "yiqc3cysk2j7wr33yztg5qtbrywfkblr",
  "fields": {
    "session_data": ".eJxVjDsOwjAQBe_iGlmynXgdSnrOEK13X0gA2VI-FeLuECkFtG9m3sv0vK1jvy2Y-0nN2ZA5_W6Z5YGyA71zuVUrtazzlO2u2IMu9loVz8vh_h2MvIzf2gcikqjSeGREH9G6FLgbhCFEXRpYpAECgOQYoXXZO0XoFJFSNO8PBCo44Q:1sRFXd:y2CQPvFqOxm4iHS9q5Eky_n3usFIV1iLOWKjTJGyA5E",
    "expire_date": "2024-07-23T18:26:17.527Z"
  }
},
{
  "model": "sessions.session",
  "pk": "zbs6w7i0kd7v1uvljxplnu02hmcptwut",
  "fields": {
    "session_data": ".eJxVjDsOwjAQBe_iGlmynXgdSnrOEK13X0gA2VI-FeLuECkFtG9m3sv0vK1jvy2Y-0nN2ZA5_W6Z5YGyA71zuVUrtazzlO2u2IMu9loVz8vh_h2MvIzf2gcikqjSeGREH9G6FLgbhCFEXRpYpAECgOQYoXXZO0XoFJFSNO8PBCo44Q:1sRFRq:LvcwgZisM-BC1KZ5NitHGkZXSy5NJjYGC1NpT3hVbg0",
    "expire_date": "2024-07-23T18:20:18.047Z"
  }
},
{
  "model": "viewer.family",
  "pk": 1,
  "fields": {
    "name": "Lupenotvaré - Mochomůrkovité",
    "name_latin": "Amanitaceae",
    "description": "Čeleď mochomůrkotvaré (Amanitaceae) zahrnuje různé druhy hub, které jsou známé svými výraznými a často krásnými klobouky. Tyto houby mají výrazný prstenec (závoj) na třeni a často také volnou nebo vyčnívající pochvu na bázi třene. Lupeny jsou volné nebo přirostlé, husté a křehké. Klobouk bývá různě zbarvený, od bílé přes žlutou, červenou až po hnědou, často pokrytý zbytky závoje, které tvoří charakteristické skvrny.\r\n\r\nDužnina je obvykle bílá a při poranění může nebo nemusí měnit barvu. Houby z této čeledi mohou mít různé vůně a chutě, od příjemných houbových až po nepříjemné. Amanitaceae zahrnuje jak jedlé, tak jedovaté druhy, některé z nich jsou smrtelně jedovaté a vyžadují opatrnost při sběru.\r\n\r\nHouby této čeledi rostou v různých typech lesů, od listnatých přes jehličnaté až po smíšené lesy. Vyskytují se především od léta do podzimu a jsou rozšířené po celém světě."
  }
},
{
  "model": "viewer.family",
  "pk": 2,
  "fields": {
    "name": "Hřibotvaré",
    "name_latin": "Boletales",
    "description": "Hřibotvaré (Boletales) je řád hub, do kterého patří známé rody hřib, kozák, klouzek nebo čechratka rodu Paxillus. Plodnice jsou vždy jednoleté, kloboukaté, zřídka rozlité. Hymenofor naspodu klobouku bývá většinou pórovitý (rourkatý), může být i lupenitý nebo žilnatý.\r\n\r\nJsou to dřevní saprofyté (hnědá hniloba) nebo žijí v symbióze s rostlinami (mykorhiza), několik druhů je parazitických."
  }
},
{
  "model": "viewer.family",
  "pk": 3,
  "fields": {
    "name": "Chorošotvaré",
    "name_latin": "Polyporales",
    "description": "Chorošotvaré (Polyporales, dříve Aphyllophorales) je řád dřevokazných hub, které tvoří víceleté, koncentricky vrstvené plodnice, obvykle bokem přirostlé k podkladu. Hymenofor může být hladký, nebo tvoří lamely, nebo je pórovitý. Většina chorošotvarých je nejedlá.\r\n\r\nKromě různých druhů chorošů, bělochorošů a dřevokazů nalezneme mezi chorošotvarými i kotrče a krásnoporky, které nemají typickou stavbu plodnice. Mezi chorošotvaré patří konkrétně např. choroš šupinatý, choroš zimní, choroš smolonohý, anýzovník vonný či hnědák Schweinitzův."
  }
},
{
  "model": "viewer.family",
  "pk": 4,
  "fields": {
    "name": "Holubinkotvaré",
    "name_latin": "Russulales",
    "description": "Holubinkotvaré (Russulales) jsou řádem rouškatých hub, zahrnující rody jako je holubinka, ryzec a mnoho dalších. Morfologicky je to heterogenní skupina, plodnice mohou být rozlité, kloboukaté nebo gasteroidní (=podobně jako pýchavky), hymenofor kloboukatých zástupců může být hladký, pórovitý nebo lupenitý, podobně jako u lupenotvarých. Výtrusy (basidiospory) jsou amyloidní a často ornamentované.\r\n\r\nTypickým znakem jsou kulovité buňky vzniklé přeměnou hyf – sférocysty. Plodnice jsou lámavé všemi směry, křehké, „kruché“. U mnoha zástupců jsou přítomné gleoplerní hyfy s olejovitým nebo mléčným obsahem (mléčnice).\r\n\r\nHolubinkotvaré jsou dřevní parazité nebo saprofyté, některé druhy jsou mykorhizní."
  }
},
{
  "model": "viewer.family",
  "pk": 5,
  "fields": {
    "name": "Liškotvaré",
    "name_latin": "Cantharellales",
    "description": "Cantharellales jsou řádem hub ve třídě Agaricomycetes. Řád zahrnuje nejen lišky (Cantharellaceae), ale také některé houby zubaté (Hydnaceae), klavarioidní houby (Aphelariaceae a Clavulinaceae) a kortikoidní houby (Botryobasidiaceae). Druhy v rámci řádu jsou různě ektomykorhizní, saprotrofní, spojené s orchidejemi nebo fakultativními rostlinnými patogeny. Mezi hospodářsky důležité druhy patří jedlé a komerčně sbírané druhy Cantharellus, Craterellus a Hydnum, stejně jako patogeny plodin v rodech Ceratobasidium a Thanatephorus (Rhizoctonia)."
  }
},
{
  "model": "viewer.family",
  "pk": 6,
  "fields": {
    "name": "Lupenotvaré - Pečárkovité",
    "name_latin": "Agaricaceae",
    "description": "Druhy Agaricaceae používají širokou škálu morfologie plodového těla. Přestože převládá pileátní forma (tj. s čepičkou a řapem), jsou známy gasteroidní a sekotioidní formy. U pileate druhů jsou žábry typicky tenké a bez přichycení ke třenu. Čepice jsou šupinaté až hladké a pohybují se od zhruba plochých až po pupečníkové. Obvykle mají centrálně připojený řap a membránový částečný závoj. Druhy dříve zařazené do čeledi Lycoperdaceae jsou také známé jako „pravé pýchavky“. Jejich plodnice jsou kulaté a skládají se z houževnaté slupky obklopující množství výtrusů. Když dozrají, kůže se rozdělí a uvolní své výtrusy.\r\n\r\nBarva výtrusového tisku druhů Agaricaceae je velmi variabilní, od bílé přes nazelenalou až po okrovou až růžovou nebo sépiovou; chybí rezavě hnědé nebo skořicově hnědé barvy. Mikroskopicky se povrch spor pohybuje od hladkého po zdobený a přítomnost zárodečných pórů je proměnlivá. Amyloidita (tj. citlivost na barvení v Melzerově činidle) je také variabilní. Basidia (buňky nesoucí výtrusy) jsou obvykle malé, čtyřvýtrusné a mohou mít roztroušené cystidie.[8]"
  }
},
{
  "model": "viewer.family",
  "pk": 7,
  "fields": {
    "name": "Stopkovýtrusé",
    "name_latin": "Basidiomycota",
    "description": "Je to zřejmě vývojově nejpokročilejší skupina hub, zahrnující přes 22 tisíc popsaných druhů hub. Základním rozlišovacím znakem stopkovýtrusných hub je tvorba bazidií, na jejichž vrcholu vyrůstají sterigmata, v nichž meiózou vznikají bazidiospory. Bazidie je od hyfy oddělena příčnou přehrádkou. Rozeznáváme 2 základní typy bazidií: nedělené holobazidie a podélně přehrádkované fragmobazidie. Po většinu svého života existují Basidiomycota jako dikaryotické organismy."
  }
},
{
  "model": "viewer.family",
  "pk": 8,
  "fields": {
    "name": "Lupenotvaré - Pavunčincovité",
    "name_latin": "Agaricales - Cortinariaceae",
    "description": "Je velký a celosvětově rozšířený rod makroskopických lupenotvarých hub z čeledi pavučincovité. V současné době rozlišujeme více než 2000 druhů, z nichž některé jsou považovány za jedlé, některé za nepoživatelné a některé za (smrtelně) jedovaté. \r\n\r\nNa českém území roste řada druhů pavučinců, z nichž je vhodné upozornit zejména na již výše zmíněného smrtelně jedovatého pavučince plyšového, který byl sice dlouhou dobu považován za jedlého a takto jej prezentovaly i některé podrobnější atlasy, ale v 50. letech byl usvědčen jako původce několika hromadných otrav a úmrtí v Polsku. Zhruba stejně jedovatý je jemu podobný a na sever od ČR rostoucí pavučinec červenooranžový. Mezi jedlé české pavučince naopak patří např. pavučinec osikový, pavučinec plavooranžový, pavučinec fialový atd.\r\n\r\nVzhledem k velkému počtu druhů, které se mezi sebou jen minimálně odlišují, a přítomnosti smrtelně jedovatých druhů mezi nimi, se sběr pavučinců amatérským houbařům zásadně nedoporučuje – se správným určením mají v některých případech bez laboratorního vybavení velké potíže i experti na pavučince. Dále je zde ta okolnost, že rod ještě není zcela prozkoumán – například smrtelně jedovatý pavučinec plyšový byl až do poloviny 20. století považován za jedlý a jako takový byl uváděn i v některých houbařských atlasech. S postupujícím výzkumem i nadále dochází k tomu, že pavučince považované za jedlé jsou shledávány jedovatými, takže je otázka, nakolik lze důvěřovat i dnešním atlasům, byť z těch pro veřejnost byly jedlé pavučince raději preventivně odstraněny, případně byly ponechány jen ty opravdu spolehlivě prozkoumané."
  }
},
{
  "model": "viewer.habitat",
  "pk": 1,
  "fields": {
    "name": "Smíšený les"
  }
},
{
  "model": "viewer.habitat",
  "pk": 2,
  "fields": {
    "name": "Listnatý les"
  }
},
{
  "model": "viewer.habitat",
  "pk": 4,
  "fields": {
    "name": "Na kmenu nebo kořenu listnatých stromů"
  }
},
{
  "model": "viewer.habitat",
  "pk": 6,
  "fields": {
    "name": "Louky a paseky v lesích"
  }
},
{
  "model": "viewer.habitat",
  "pk": 7,
  "fields": {
    "name": "Jehličnatý les"
  }
},
{
  "model": "viewer.habitat",
  "pk": 8,
  "fields": {
    "name": "Jiné"
  }
},
{
  "model": "viewer.habitat",
  "pk": 9,
  "fields": {
    "name": "Parky"
  }
},
{
  "model": "viewer.habitat",
  "pk": 10,
  "fields": {
    "name": "Na kmenu nebo kořenu jehličnatých stromů"
  }
},
{
  "model": "viewer.habitat",
  "pk": 11,
  "fields": {
    "name": "Podél cesty"
  }
},
{
  "model": "viewer.habitat",
  "pk": 12,
  "fields": {
    "name": "Pod smrky"
  }
},
{
  "model": "viewer.habitat",
  "pk": 13,
  "fields": {
    "name": "Bukový les"
  }
},
{
  "model": "viewer.habitat",
  "pk": 14,
  "fields": {
    "name": "Na hrázích rybníků"
  }
},
{
  "model": "viewer.habitat",
  "pk": 15,
  "fields": {
    "name": "Pod lípami"
  }
},
{
  "model": "viewer.habitat",
  "pk": 16,
  "fields": {
    "name": "Borový les"
  }
},
{
  "model": "viewer.habitat",
  "pk": 17,
  "fields": {
    "name": "Dubový les"
  }
},
{
  "model": "viewer.habitat",
  "pk": 18,
  "fields": {
    "name": "Habrový les"
  }
},
{
  "model": "viewer.habitat",
  "pk": 19,
  "fields": {
    "name": "Březový les"
  }
},
{
  "model": "viewer.habitat",
  "pk": 20,
  "fields": {
    "name": "Mechy a mokřady"
  }
},
{
  "model": "viewer.habitat",
  "pk": 21,
  "fields": {
    "name": "V sadech a zahradách"
  }
},
{
  "model": "viewer.mushroom",
  "pk": 1,
  "fields": {
    "name_cz": "Hřib smrkový",
    "name_latin": "Boletus edulis",
    "description": "Hřib smrkový, známý také jako pravák, je jedním z nejvyhledávanějších jedlých hub. Jeho klobouk je hnědý až tmavohnědý, často s jemnými odstíny do oranžova. Spodní strana klobouku má rourky, které jsou zpočátku bílé, později žluté až zelenavé. Třeň je pevný, bílý až světle hnědý, s typickým síťkovaným vzorem na povrchu. Dužnina je bílá, nemění barvu při řezu, a má příjemnou houbovou vůni. Hřib smrkový roste hlavně v jehličnatých lesích, často v symbióze se smrky, od léta do podzimu.",
    "edibility": "jedla",
    "image": "mushroom_images/Hřib_smrkový.jpg",
    "family": 2,
    "habitats": [
      7
    ]
  }
},
{
  "model": "viewer.mushroom",
  "pk": 2,
  "fields": {
    "name_cz": "Hřib kovář",
    "name_latin": "Boletus erythropus",
    "description": "Hřib kovář je jedlý hřib známý svou tmavou barvou klobouku, která může být tmavě hnědá až černohnědá. Spodní strana klobouku má rourky, které jsou žluté až olivově žluté, při poranění rychle modrají. Třeň je červený až oranžovočervený, často pokrytý jemnými červenými zrníčky. Dužnina je žlutá, při řezu intenzivně modrá. Hřib kovář roste převážně v smíšených a jehličnatých lesích, často pod buky a smrky. Je velmi oblíbený mezi houbaři, ale musí se dostatečně tepelně upravit, neboť syrový může způsobit zažívací potíže.",
    "edibility": "jedla",
    "image": "mushroom_images/Boletus_erythropus1_Dar2Khn.jpg",
    "family": 2,
    "habitats": [
      1
    ]
  }
},
{
  "model": "viewer.mushroom",
  "pk": 3,
  "fields": {
    "name_cz": "Hřib žlučník",
    "name_latin": "Tylopilus felleus",
    "description": "Hřib žlučník, známý také jako hořčák, je nejedlý druh hřibu, který je známý svou extrémně hořkou chutí. Klobouk je světle hnědý až tmavohnědý, často sametový na dotek. Spodní strana klobouku má rourky, které jsou zpočátku bílé, později růžové. Třeň je světle hnědý, pokrytý výraznou tmavší síťkou. Dužnina je bílá a nemění barvu při řezu, ale její hořká chuť je nezaměnitelná a činí houbu nepoživatelnou. Hřib žlučový roste převážně v listnatých lesích, často pod duby a buky, a je snadno zaměnitelný s jedlými druhy, což může vést k nepříjemným překvapením při konzumaci.",
    "edibility": "nejedla",
    "image": "mushroom_images/2006-09-14_Tylopilus_felleus_crop_p3YL7gL.jpg",
    "family": 2,
    "habitats": [
      2
    ]
  }
},
{
  "model": "viewer.mushroom",
  "pk": 4,
  "fields": {
    "name_cz": "Lišák zprohýbaný",
    "name_latin": "Hydnum repandum",
    "description": "Lišák zprohýbaný je houba, která je snadno rozpoznatelná díky svému zprohýbanému a vějířovitě rozprostřenému klobouku. Barva klobouku se pohybuje od tmavě hnědé po šedočernou, často s jemným fialovým nádechem. Spodní strana klobouku je pokryta jemnými hřebínky nebo vráskami. Dužnina je tuhá, dřevnatá a má mírně nahořklou chuť. Roste v symbióze s jehličnatými stromy, často v písčitých půdách. Objevuje se od léta do podzimu.",
    "edibility": "jedla",
    "image": "mushroom_images/HydnumRepandum_BSgXocA.JPG",
    "family": 5,
    "habitats": [
      7
    ]
  }
},
{
  "model": "viewer.mushroom",
  "pk": 5,
  "fields": {
    "name_cz": "Lišák ryšavý",
    "name_latin": "Hydnum rufescens",
    "description": "Lišák ryšavý je menší jedlá houba, známá svým oranžovo-hnědým až ryšavým kloboukem. Klobouk je hladký a mírně vypouklý. Spodní strana klobouku je pokryta jemnými ostny místo lupenů, které jsou charakteristickým znakem této houby. Třeň je krátký, pevný a má stejnou barvu jako klobouk. Dužnina je bílá, pevná a má jemně oříškovou chuť. Lišák ryšavý roste v smíšených lesích, často na kyselých půdách, a je oblíbený mezi houbaři pro svou výbornou chuť.",
    "edibility": "jedla",
    "image": "mushroom_images/images_mGlN7pZ_sJbEjV0.jpeg",
    "family": 5,
    "habitats": [
      1
    ]
  }
},
{
  "model": "viewer.mushroom",
  "pk": 6,
  "fields": {
    "name_cz": "Liška obecná",
    "name_latin": "Cantharellus cibarius",
    "description": "Liška obecná patří mezi naše nejpopulárnější houby. Roste hojně ve všech lesích, především jehličnatých. Bývá velice zřídka napadána hmyzem a pro svoji tužší konzistenci je velice dobře uchovávatelná. Někde se jí říká pro svoji žlutou barvu \"kuře\" nebo \"kuřátko\".\r\n\r\nKuchyňské využití: Kuchyňsky všestranně využitelná. Vyžaduje pro svoji tuhost delší tepelnou úpravu. Jedna z nejkvalitnějších hub velmi ceněná i tržně.\r\n\r\nZajímavost: Po válce se z lesů postupně vytrácela vlivem znečištění, práškování a kyselých dešťů. Nyní se k potěšení všech houbařů začína do lesů opět vracet a místy je její výskyt velmi hojný.",
    "edibility": "jedla",
    "image": "mushroom_images/Liška_obecná.jpg",
    "family": 5,
    "habitats": [
      1,
      2,
      7
    ]
  }
},
{
  "model": "viewer.mushroom",
  "pk": 7,
  "fields": {
    "name_cz": "Choroš šupinatý",
    "name_latin": "Polyporus squamosus",
    "description": "Choroš šupinatý, známý také jako \"sírovec\", je velká, nápadná houba. Klobouk je světle hnědý až žlutý, pokrytý výraznými tmavými šupinami. Má polokruhový až vějířovitý tvar a může dosahovat průměru až 50 cm. Spodní strana klobouku je pokryta bílými až krémovými póry. Třeň je krátký a robustní, často excentrický. Dužnina je bílá, tuhá a má mírně nasládlou chuť. Roste na mrtvém nebo oslabeném dřevě listnatých stromů, zejména javorů a buků, od jara do podzimu. Jedlé jen mladé plodnice",
    "edibility": "jedla",
    "image": "mushroom_images/choroš_šupinatý.jpg",
    "family": 3,
    "habitats": [
      4
    ]
  }
},
{
  "model": "viewer.mushroom",
  "pk": 8,
  "fields": {
    "name_cz": "Troudnatec kopytovitý",
    "name_latin": "Fomes fomentarius",
    "description": "Troudnatec kopytovitý je tvrdá, dřevnatá houba s charakteristickým kopytovitým tvarem. Klobouk je šedý až tmavohnědý, s koncentrickými kruhy a sametovým povrchem. Spodní strana klobouku je pokryta drobnými póry, které jsou bílé až světle hnědé. Třeň chybí nebo je velmi krátký. Dužnina je velmi tuhá a dřevnatá, s jemnou vrstvou plodného pletiva. Tato houba roste na mrtvém nebo umírajícím dřevě listnatých stromů, zejména bříz a buků, po celý rok. Historicky byla využívána k výrobě troudu pro rozdělávání ohně.",
    "edibility": "nejedla",
    "image": "mushroom_images/Fomes_fomentarius_-_geograph.org.uk_-_1426112_XR5VEv0.jpg",
    "family": 3,
    "habitats": [
      2
    ]
  }
},
{
  "model": "viewer.mushroom",
  "pk": 9,
  "fields": {
    "name_cz": "Choroš oříš",
    "name_latin": "Polyporus umbellatus",
    "description": "Choroš oříš je velká houba s plochým, vějířovitým kloboukem. Povrch klobouku je hladký, matný, šedohnědý až černohnědý, často s jemnými prasklinami. Spodní strana klobouku je pokryta bílými póry, které při doteku tmavnou. Třeň je krátký nebo chybí. Dužnina je hnědá, dřevnatá a velmi tvrdá. Tato houba roste na mrtvém nebo umírajícím dřevě listnatých stromů, zejména dubů a buků, a může být nalezena po celý rok. Je ceněna pro své léčivé vlastnosti a používá se v tradiční medicíně.",
    "edibility": "nejedla",
    "image": "mushroom_images/1200px-Polyporus_umbellatus_ETJVyFy.jpg",
    "family": 3,
    "habitats": [
      4
    ]
  }
},
{
  "model": "viewer.mushroom",
  "pk": 10,
  "fields": {
    "name_cz": "Žampion polní",
    "name_latin": "Agaricus campestris",
    "description": "Žampion polní je oblíbená jedlá houba s bílým až světle hnědým kloboukem, který je hladký a suchý. Klobouk je v mládí polokulovitý, později se rozprostírá. Lupeny jsou volné, zpočátku růžové, později tmavohnědé až černé. Třeň je bílý, hladký, s prstencem. Dužnina je bílá, při řezu mírně růžoví. Má příjemnou houbovou vůni a chuť. Žampion polní roste v trávnících, parcích, loukách a pastvinách, často po dešti, od jara do podzimu.",
    "edibility": "jedla",
    "image": "mushroom_images/1200px-Agaricus_campestris_r0EwOoh.jpg",
    "family": 6,
    "habitats": [
      6
    ]
  }
},
{
  "model": "viewer.mushroom",
  "pk": 11,
  "fields": {
    "name_cz": "Bedla vysoká",
    "name_latin": "Macrolepiota procera",
    "description": "Bedla vysoká je velká, nápadná houba s vysokým, štíhlým třeněm a velkým kloboukem, který může dosahovat průměru až 30 cm. Klobouk je hnědý, pokrytý velkými, tmavšími šupinami. Lupeny jsou volné, bílé až krémové. Třeň je dlouhý, hnědý s výrazným prstencem, který je pohyblivý. Dužnina je bílá, při řezu nemění barvu. Má jemnou houbovou vůni a chuť. Roste v lesích, na okrajích lesů, pasekách a loukách, od léta do podzimu.",
    "edibility": "jedla",
    "image": "mushroom_images/295px-Parasol-1_MnfHR2H.jpg",
    "family": 6,
    "habitats": [
      1,
      2,
      6,
      7
    ]
  }
},
{
  "model": "viewer.mushroom",
  "pk": 12,
  "fields": {
    "name_cz": "Muchomůrka červená",
    "name_latin": "Amanita muscaria",
    "description": "Muchomůrka červená je velmi dobře známá houba s červeným kloboukem, pokrytým bílými skvrnami. Klobouk je v mládí polokulovitý, později plochý. Lupeny jsou volné, bílé až krémové. Třeň je bílý, hladký, s prstencem a pochvou na bázi. Dužnina je bílá, při řezu nemění barvu. Má charakteristický vzhled, který je nezaměnitelný. Tato houba je jedovatá a obsahuje psychoaktivní látky. Roste v lesích, zejména v jehličnatých, od léta do podzimu.",
    "edibility": "jedovata",
    "image": "mushroom_images/muchomurka_VVmds3s.jpg",
    "family": 1,
    "habitats": [
      7
    ]
  }
},
{
  "model": "viewer.mushroom",
  "pk": 13,
  "fields": {
    "name_cz": "Holubinka nazelenalá",
    "name_latin": "Russula virescens",
    "description": "Holubinka nazelenalá je jedlá houba s výrazným zeleným kloboukem, který je často popraskaný a mramorovaný. Klobouk je v mládí polokulovitý, později rozprostřený. Lupeny jsou bílé, husté a křehké. Třeň je bílý, pevný a křehký. Dužnina je bílá, tuhá a nemění barvu při řezu. Má jemnou, příjemnou chuť a vůni. Roste v listnatých a smíšených lesích, zejména pod duby a buky, od léta do podzimu.",
    "edibility": "jedla",
    "image": "mushroom_images/64894_1_7Qr4OFh.jpg",
    "family": 4,
    "habitats": [
      1,
      2
    ]
  }
},
{
  "model": "viewer.mushroom",
  "pk": 14,
  "fields": {
    "name_cz": "Holubinka mandlová",
    "name_latin": "Russula vesca",
    "description": "Holubinka mandlová je jedlá houba s růžovým až červenohnědým kloboukem, který je hladký a suchý. Klobouk je v mládí polokulovitý, později rozprostřený a uprostřed mírně vtlačený. Lupeny jsou bílé až krémové, husté a křehké. Třeň je bílý, pevný a křehký. Dužnina je bílá, tuhá a při řezu nemění barvu. Má jemnou mandlovou vůni a nasládlou chuť. Roste v listnatých a smíšených lesích, často pod duby a buky, od léta do podzimu.",
    "edibility": "jedla",
    "image": "mushroom_images/Holubinka_mandlová.jpg",
    "family": 4,
    "habitats": [
      1,
      2
    ]
  }
},
{
  "model": "viewer.mushroom",
  "pk": 15,
  "fields": {
    "name_cz": "Holubinka hlínožlutá",
    "name_latin": "Russula ochroleuca",
    "description": "Holubinka hlínožlutá je jedlá houba s charakteristickým žlutým až okrovým kloboukem, který je hladký a lesklý. Klobouk je v mládí polokulovitý, později rozprostřený a uprostřed mírně vtlačený. Lupeny jsou bílé až krémové, husté a křehké. Třeň je bílý, pevný a křehký. Dužnina je bílá, tuhá a při řezu nemění barvu. Má mírně štiplavou chuť a slabou houbovou vůni. Roste v listnatých a smíšených lesích, často pod buky a duby, od léta do podzimu.",
    "edibility": "jedla",
    "image": "mushroom_images/Russula.ochroleuca.-.lindsey_wADkiIe.jpg",
    "family": 4,
    "habitats": [
      1,
      2
    ]
  }
},
{
  "model": "viewer.mushroom",
  "pk": 16,
  "fields": {
    "name_cz": "Muchomůrka růžovka",
    "name_latin": "Amanita rubescens",
    "description": "Muchomůrka růžovka (taktéž lidově řečeno \"masák\") je velmi oblíbená a často sbíraná jedlá houba. Její výskyt je velmi hojný, přičemž ji můžeme nalézt v lesích všech typů od nížin až do hor, především ve smrčinách, ale i mimo les.",
    "edibility": "jedla",
    "image": "mushroom_images/Muchomůrka_růžovka.jpg",
    "family": 1,
    "habitats": [
      1,
      2,
      7,
      8
    ]
  }
},
{
  "model": "viewer.mushroom",
  "pk": 17,
  "fields": {
    "name_cz": "Muchomůrka tygrovaná",
    "name_latin": "Amanita pantherina",
    "description": "Muchomůrka tygrovaná je jedovatá houba s hnědým kloboukem, který je pokrytý bílými skvrnami, podobně jako muchomůrka červená. Klobouk je v mládí polokulovitý, později rozprostřený. Lupeny jsou bílé, husté a volné. Třeň je bílý, s výrazným prstencem a pochvou na bázi. Dužnina je bílá, při poranění nemění barvu. Má mírně nepříjemný zápach. Tato houba je jedovatá a může způsobit vážné zdravotní problémy při požití. Roste v lesích, zejména v listnatých a smíšených, od léta do podzimu.",
    "edibility": "jedovata",
    "image": "mushroom_images/Muchomůrka_tygrovaná.jpg",
    "family": 1,
    "habitats": [
      1,
      2
    ]
  }
},
{
  "model": "viewer.mushroom",
  "pk": 18,
  "fields": {
    "name_cz": "Kotrč kadeřavý",
    "name_latin": "Sparassis crispa",
    "description": "Houba je v mládí světlá a bílá až světle okrová, postupně žloutne až do žlutohnědé barvy, někdy s růžovým či světle rezavým odstínem. Větvičky jsou na okrajích tmavší než bledý vnitřek plodnice, ostří plochých větévek bývá někdy tmavé.\r\n\r\nVětévky jsou lámavé a křehké až poněkud chrupavčité; světlá dužnina silnějších vnitřních větví je trochu tužší. Mívá celkem nápadnou oříškovou či kořenitou vůni a chuť.",
    "edibility": "jedla",
    "image": "mushroom_images/kotrc_v9sYINU.jpg",
    "family": 3,
    "habitats": [
      7
    ]
  }
},
{
  "model": "viewer.mushroom",
  "pk": 19,
  "fields": {
    "name_cz": "Hlíva ustřičná",
    "name_latin": "Pleurotus ostreatus.",
    "description": "Hlíva ústřičná je jedlá houba, která má charakteristický tvar připomínající ústřici. Klobouk je zpočátku vyklenutý, později plochý až nálevkovitý, dosahuje průměru 5–25 cm. Barva klobouku je různorodá – od šedé, šedomodré, šedohnědé až po šedofialovou. Lupeny jsou husté, sbíhavé, bílé až světle šedé. Třeň je krátký, často excentrický a někdy téměř chybí. Dužnina je bílá, měkká, s příjemnou houbovou vůní.",
    "edibility": "jedla",
    "image": "mushroom_images/Hlíva_ustričná.jpg",
    "family": 7,
    "habitats": [
      4,
      8
    ]
  }
},
{
  "model": "viewer.mushroom",
  "pk": 20,
  "fields": {
    "name_cz": "Hlíva šedá",
    "name_latin": "Hohenbuehelia grisea",
    "description": "Klobouk: 15-40mm široký, ledvinitý až vějířovitý, mírně vyklenutý, našedle plstnatý, šedý až hnědošedý, směrem k okraji vybledávající do bělavé a olysávající.\r\n\r\nLupeny: sbíhavé, bělavé.\r\n\r\nTřeň: pokud je tak jen velmi krátký, postranní, odstále chlupatý, bělavý až našedlý.\r\nDužnina má moučnou vůni i chuť\r\n\r\nVýtrusný prach je bílý.",
    "edibility": "nejedla",
    "image": "mushroom_images/hlíva_šedá.jpg",
    "family": 7,
    "habitats": [
      4
    ]
  }
},
{
  "model": "viewer.mushroom",
  "pk": 21,
  "fields": {
    "name_cz": "Hlíva plátková",
    "name_latin": "Hohenbuehelia petaloides",
    "description": "Klobouk je vějířovitý nebo lopatkovitý, ve stáří na okraji zvlněný, podvinutý, 30-120mm dlouhý, 20-60mm široký, s pokožkou lysou, matnou, bělavě ojíněnou, okrovou, šedohnědou až červenohnědou, za vlhka lepkavou, za sucha plstnatou.\r\n\r\nLupeny jsou husté, daleko sbíhavé, bílé, v dospělosti krémové.\r\n\r\nTřeň je boční, krátký, plný, jemně vločkatý, nebo lysý, bělavý.\r\n\r\nDužnina je pružná, šťavnatá, žlutavá, neměnná, pod pokožkou klobouku má tenkou rosolovitou vrstvu; chuť je nasládlá, na řezu moučná, vůně nevýrazná.",
    "edibility": "jedla",
    "image": "mushroom_images/Hlíva_plátková.jpg",
    "family": 7,
    "habitats": [
      2,
      4,
      7
    ]
  }
},
{
  "model": "viewer.mushroom",
  "pk": 22,
  "fields": {
    "name_cz": "Hnojník nasetý",
    "name_latin": "Coprinellus disseminatus",
    "description": "Klobouk 5-15mm v průměru, nejdříve vejčitý, později zvoncovitý až plochý, vrásčitě rýhovaný, barvy smetanové až žlutošedé. Někdy i šedý. Na středu vždy barvy okrové, V mládí má jemné, bílé, vláknité, vlnaté vélum, ve stáří je zplihlý.\r\n\r\nLupeny široce připojené, bělavé až hnědočerné s bělavým ostřím.\r\n\r\nTřeň 30-50x1-2mm, křehký, průsvitně bílý, válcovitý, pýřitý, na bázi někdy nažloutlý.\r\n\r\nDužnina bělošedá, chuť mírná, vůně nenápadná.",
    "edibility": "nejedla",
    "image": "mushroom_images/hnijník_nasetý.jpg",
    "family": 6,
    "habitats": [
      4,
      9
    ]
  }
},
{
  "model": "viewer.mushroom",
  "pk": 23,
  "fields": {
    "name_cz": "Holubinka lesklá",
    "name_latin": "Russula nitida",
    "description": "Klobouk: 20- 70mm v průměru, polokulovitý, křehký, pak plochý až mělce nálevkovitě prohloubený, místy paprsčitě vrásčitý, okraj rýhovaný až hrbolatý, barvy různých odstínů červené, přecházející do fialova, kalně zelenavě skvrnitý, někdy růžový, vybledající, uprostřed je však většinou tmavší. Pokožka více jak do poloviny slupitelná, za sucha matně lesklá, za vlhka slizká.\r\n\r\nLupeny: v mládí mandlově bílé, později sytě smetanově nažloutlé, křehké.\r\n\r\nTřeň: 20 - 80mm vysoký, 5 – 15mm tlustý, válcovitý, velmi křehký, někdy kyjovitý, bílý, záhy dutý, může se vyskytnout i s nafialověle růžovým nádechem hlavně v dolní části.\r\n\r\nDužnina: bílá, ve třeni někdy žlutavě skvrnitá a při nadměrné vlhkosti často šednoucí. Velmi křehká a drobivá, slabě ovocné až nenápadné vůně, sladké chuti. V lupenech někdy až slabounce štiplavá.\r\n\r\nVýtrusný prach: smetanově okrový.\r\n\r\nVýtrusy: dosti proměnlivé někdy jsou široce, jindy podlouhle oválné. Na povrchu mají osténkovité výrůstky a jsou 8-13 x 6-9 µm velké.",
    "edibility": "jedla",
    "image": "mushroom_images/Holubinka_lesklá.jpg",
    "family": 4,
    "habitats": [
      6,
      12
    ]
  }
},
{
  "model": "viewer.mushroom",
  "pk": 24,
  "fields": {
    "name_cz": "Holubinka sluneční",
    "name_latin": "Russula solaris",
    "description": "Plodnice: malé, středně masité spíše křehčí.\r\nKlobouk: 25-60mm široký, vyklenutý až polokulovitý, později až plochý, uprostřed vmáčklý, s tence blanitým tupým, v mládí hladkým, později zřetelně uzlinatě rýhovaným okrajem, živě až chromově žlutý, na středu tmavší, k okraji vybledající do bělavě nažloutlé barvy.\r\nLupeny: v mládí husté, později řidší, tenké, na okraji klobouku tupé, ke třeni úzce připojené, bělavé, pak smetanové až světle naokrovělé.\r\nTřeň: 30-60mm dlouhý, 8-15mm široký, válcovitý až mírně kyjovitý, bílý, ve stáří špinavě naokrovělý.\r\nDužnina: křehká, bílá, třeň ve stáří komůrkovitě dutý, vůně po pelargoniích nebo ovocně pelargoniová.\r\nChuť: palčivá\r\nVýtrusný prach: středně sytě smetanový až světle okrový (IIc-IIIa)\r\nVýtrusy:",
    "edibility": "nejedla",
    "image": "mushroom_images/Holubinka_sluneční.bmp",
    "family": 4,
    "habitats": [
      13
    ]
  }
},
{
  "model": "viewer.mushroom",
  "pk": 25,
  "fields": {
    "name_cz": "Hřib bronzový",
    "name_latin": "Boletus aereus",
    "description": "Klobouk: je výrazně sametový, s čokoládověhnědým někdy hnědým nádechem. Plodnice na výsluných místech,mají klobouk bronzový a v některých případech až odbarvený.\r\n\r\nRourky: mají různou délku proto se jejich povrch zdá hrbolatý. Barva zůstává dlouho bílá, ve stáří má žlutookrový nádech.\r\n\r\nPóry: drobné, o něco světlejší než rourky, na otlačených a poraněných místech nemění barvu.\r\n\r\nVýtrusný prach: hnědoolivový.\r\n\r\nTřeň: je vždy světlejší než klobouk, s jemnou síťkou, která je většinou méně výrazná, nebo téměř chybí. Na bázi třeně je bílá plsť.",
    "edibility": "jedla",
    "image": "mushroom_images/Hřib_bronzový.jpg",
    "family": 2,
    "habitats": [
      14
    ]
  }
},
{
  "model": "viewer.mushroom",
  "pk": 26,
  "fields": {
    "name_cz": "Hřib dubový",
    "name_latin": "Boletus reticulatus",
    "description": "Klobouk je masitý, široký 50-250mm, v mládí pravidelně vyklenutý, později rozložený, světle hnědý, někdy až bělavý, nelesklý.\r\n\r\nRourky jsou vysoké 10-40mm, v mládí bělavé, později jasně žluté až žlutozelené.\r\n\r\nTřeň je dlouhý 10-250mm a tlustý 20-80mm, válcovitý a u mladých kusů často soudkovitý, většinou světle hnědý. Dužnina je bílá, neměnlivá.\r\n\r\nVýtrusný prach je olivově hnědý. Výtrusy jsou velké 13-20x3,4-6μm, vřetenovité, hladké, žlutavé.\r\n\r\nChuť i vůně jsou příjemně hřibovité.\r\n\r\nMožná záměna: mladé plodnice mohou nezkušení houbaři snadno zaměnit s nejedlým Hřibem žlučníkem, u kterého sice postiženému nehrozí smrtelná otrava, ale spíše houbaři pro svou nesnesitelnou hořkou chuť zkazí celé houbové jídlo. Nejlépe se\r\no pravosti Hřibu dubového přesvědčíme ochutnávkou na špičku jazyku. V případě, že ucítíme palčivě hořkou chuť jedná se o hřib žlučník. U velkých plodnic je rozdíl patrnější hlavně v zabarvení rourek klobouku. Hřib dubový je má žluté, ale hřib žlučník narůžovělé.",
    "edibility": "jedla",
    "image": "mushroom_images/Hřib_dubový.jpg",
    "family": 2,
    "habitats": [
      2
    ]
  }
},
{
  "model": "viewer.mushroom",
  "pk": 27,
  "fields": {
    "name_cz": "Hřib hnědý",
    "name_latin": "Imleria badia",
    "description": "Klobouk 30-130mm, masitý, suchý, pěkně tmavě kaštanově až čokoládově hnědý, sametově hladký, za vlhka slizký, většinou pravidelně sklenutý, široký.\r\n\r\nRourky jsou vysoké 10-20mm, bledé, později žluté nebo žlutozelené a pomačkáním modrají. Ústí rourek jsou drobná, v mládí bělavá, později bledě žlutá až zelenavá a na otlacích zeleně modrají.\r\n\r\nTřen 30-150x10-40mm, světlejší než klobouk, válcovitý, světle hnědý, někdy ploše zmáčknutý, dole často zúžený, jakoby prodloužený, někdy zahnutý.\r\n\r\nDužnina je bělavá a po rozkrojení nad rourkami slabě modrá. Málo červiví.\r\n\r\nVýtrusy jsou velké 12-16x4-6µm, vřetenovité, hladké, žlutavé až hnědavé.\r\n\r\nVýtrusný prach je olivově hnědý.\r\n\r\nMá dobrou chuť a příjemnou hřibovou vůni.",
    "edibility": "jedla",
    "image": "mushroom_images/Hřib_hnědý.jpg",
    "family": 2,
    "habitats": [
      2,
      7
    ]
  }
},
{
  "model": "viewer.mushroom",
  "pk": 28,
  "fields": {
    "name_cz": "Hřib modračka",
    "name_latin": "Cyanoboletus pulverulentus",
    "description": "Klobouk 30-80mm, polokulovitý až plochý, někdy šupinkatý, špinavě nažloutlý až našedlý s červenohnědočernými skvrnami.\r\n\r\nPóry žluté, otlačením zelenomodrající.\r\n\r\nTřeň 30-70x10-20mm v horní části žlutý, dole červeně šupinkatý ve stáří odspoda purpurově černající.\r\n\r\nDužnina dosti tuhá kompaktní, silně a rychle modrající, houbové vůně a příjemné chuťi.",
    "edibility": "jedla",
    "image": "mushroom_images/Hřib_modračka.jpg",
    "family": 2,
    "habitats": [
      7,
      12,
      15
    ]
  }
},
{
  "model": "viewer.mushroom",
  "pk": 29,
  "fields": {
    "name_cz": "Hřib meruňkový",
    "name_latin": "Rheubarbariboletus armeniacus",
    "description": "Klobouk: 30-100 mm široký, polokulovitý, později plochý až zprohýbaný, ojíněný, zbarvený v různých odstínech růžové, naoranžovělý, načervenalý až růžovobéžový.\r\nPovrch je suchý, nelepkavý, v mládí sametový ve stáří plstnatý, často políčkovitě rozpraskaný. Rozpraskání je jemné, superficiální a často se objevuje jen na okrajích klobouku.\r\n\r\nRourky: 5-12 mm dlouhé, v mládí světle až živě žluté, později olivivě žluté až olivové. Po otlačení modrající až zelenající.\r\n\r\nPóry: zbarveny jsoupodobně jako rourky, ve stáří hranaté, 1-2 mm velké.\r\n\r\nVýtrusy: 10-15(17)x4,5-6,0 µm velké, elipsoidně vřetenovité, hladné\r\n\r\nVýtrusný prach: olivově hnědý.\r\n\r\nTřeň: 20-100x0,5-15 mm válcovitý, někdy lehce břichatý, bez síťky na povrchu s jemnými červenými až červenohnědými zrníčky na bledě žlutém až načervenalém podkladu. Bázi třeně pokrývá jenmá bledě žlutá plsť.\r\n\r\nDužnina: světle žlutá, ve spodní části třeně naoranžovělá, měkká, na řezu lehce modrající.\r\nChuť je mírná, vůně nenápadná.",
    "edibility": "jedla",
    "image": "mushroom_images/Hřib_meruňkový.jpg",
    "family": 2,
    "habitats": [
      2,
      9,
      16,
      13
    ]
  }
},
{
  "model": "viewer.mushroom",
  "pk": 30,
  "fields": {
    "name_cz": "Hřib satan",
    "name_latin": "Suillellus satanas",
    "description": "Klobouk 100-250mm v průměru. Vyjímečně dosahuje průměr i 300mm. V mládí polokulovitý, později vyklenutý až polštářovitý, masitý, nepravidelně vrásčitý až hrbolkatý, v mládí jemně plstnatý. Barvy bělavě krémové, stříbřité šedé, místy s hnědoolivovými skvrnami a na okraji i narůžovělý.\r\n\r\nRourky žluté až olivové, póry jsou drobné a okrouhlé, v mládí žluté, brzy však červené až oranžově červené, otlačením modrající. Na okraji tvoří žlutý pásek.\r\n\r\nTřeň 40-170mm vysoký, 40-150mm tlustý, soudkovitý, nebo krátce válcovitý ve stáří až řepovitě kyjovitý, pokrytý nevýraznou žlutavou až červenavou síťkou. V horní polovině je žlutý, v dolní polovině karmínově červený.\r\n\r\nDužnina je tlustá, v mládí tvrdá, ve stáří měknoucí, bělavá až nažloutlá, na řezu mírně modrá.\r\n\r\nChuť v mládí nenápadná, trochu oříškově nasládlá, vůně v mládí nenápadná, ale ve stáří velmi hnilobná.\r\n\r\nVýtrusný prach je olivový, výtrusy jsou elipsoidně vřetenovité, velikosti 11-15x5-7µm, barvy světle hnědožluté.Hřib satan vytváří celou řadu barevných variet.",
    "edibility": "jedovata",
    "image": "mushroom_images/Hřib_satan.jpg",
    "family": 2,
    "habitats": [
      2,
      13,
      17,
      18
    ]
  }
},
{
  "model": "viewer.mushroom",
  "pk": 31,
  "fields": {
    "name_cz": "Hřib sametový",
    "name_latin": "Xerocomellus pruinatus",
    "description": "Klobouk 30-120mm veliký, hnědý s červeným, tmavočerveným až černým odstínem. V mládí hladký, jemně sametový, později plstnatý, s červenou podkožkovou vrstvou.\r\n\r\nRourky světle žluté, později sytě žluté až olivově žluté.\r\n\r\nPóry stejné barvy jako rourky, stářím hranaté.\r\n\r\nTřeň 40-100x8-30mm, dole mírně rozšířený, válcovitý, bez mřížky, na bázi pokrytý bělavou plstí. Někdy celý žlutý, jindy od střední části dolů mírně načervenalý.\r\n\r\nDužnina je v mládí žlutá nebo světle žlutavá, později i do červena.",
    "edibility": "jedla",
    "image": "mushroom_images/Hřib_sametový.jpg",
    "family": 2,
    "habitats": [
      1,
      2,
      7
    ]
  }
},
{
  "model": "viewer.mushroom",
  "pk": 32,
  "fields": {
    "name_cz": "Hřib růžovník",
    "name_latin": "Butyriboletus fuscoroseus",
    "description": "Klobouk: 50-120mm široký, polokulovitý, následně rozložený, hnědorůžový nebo hnědočervený, někdy do okrova vybledlý. Při otlačení tmavne. Pokožka je v mládí jemně plstnatá, jak plodnice dozrává, stává se olysalou. Okraj klobouku jemně podvinutý.\r\n\r\nRourky: až 25mm dlouhé, žluté, ve stáří olivověžluté, na řezu zelenomodré.\r\n\r\nPóry: stejné barvy jako rourky, po otlačení mění barvu stejně jako rourky.\r\n\r\nVýtrusný prach: olivově hnědý.\r\n\r\nTřeň: 50-130x20-50mm velký, v mládí břichatý, poté téměř válcovitý, na spodní bázi je trochu zúžený, ale bez nápadného přívěsku. Nahoře žlutý, ve spodní 1/3 narůžovělý, načervenalý, či růžovožlutý. Pokrytý je jemnou síťkou. Svrchní část třeně se po otlačení zbarvuje lehce do modra.\r\n\r\nDužnina: bělavá, jemně nažloutlá- zvláště v oblasti nad rourkami, ve spodní části třeně narůžovělá, na bázi až hnědorůžová, v horní části nažloutlá, na řezu modrající. Chuť mírná, hřibovitá, vůně nenápadná, příjemně houbová.\r\n\r\nPoznámka: Boletus fuscoroseus je velice podobný B. appendiculatus, zvláště pak jeho nepříliš zbarvené plodnice, kdy může pomoci teprve až mikroskolické určení dle výtrusů, o jaký druh se jedná. Někteří mykologové zastávají i ten názor, že se sice jedná o samostatný taxon, ale má ještě appendiculátní varianty, které jsou zatím jen v rovinách teorie. Jsou to hřiby, které vzhledem připomínají B. appendiculatus, ale mají cosi z makroznaků B. fuscoroseus.",
    "edibility": "jedla",
    "image": "mushroom_images/Hřib_růžovník.jpg",
    "family": 2,
    "habitats": [
      2,
      14,
      13,
      17
    ]
  }
},
{
  "model": "viewer.mushroom",
  "pk": 33,
  "fields": {
    "name_cz": "Klouzek bílý",
    "name_latin": "Suillus placidus",
    "description": "Klobouk 50-130mm, mírně slizký, slonovinově bílý na okraji nažloutlý.\r\n\r\nRourky nažloutlé, pak žluté, stejně jako póry, které v mládí vylučují bělavou tekutinu, zasychající do rezavohněda.\r\n\r\nTřeň 30-120mm dlouhý a 5-20mm tlustý, válcovitý, uvnitř plný, bělavý až nažloutlý, skvrnitě mramorovaný červenohnědými až fialově červenými zrnky.\r\n\r\nDužnina se na řezu nemění.",
    "edibility": "jedla",
    "image": "mushroom_images/Klouzek_bílý.jpg",
    "family": 2,
    "habitats": [
      16
    ]
  }
},
{
  "model": "viewer.mushroom",
  "pk": 34,
  "fields": {
    "name_cz": "Klouzek strakoš",
    "name_latin": "Suillus variegatus",
    "description": "Klobouk polokulovitý, 50-130mm (i více), sametově plstnatý, nahnědle žlutý, posetý tmavšími jemnými šupinkami. Dotykem, či řezem slabě modrající, později hnědnoucí.\r\n\r\nTřeň žlutavý až hnědožlutavý.\r\n\r\nDužnina měkčí, bělavá.\r\n\r\nVůně příjemná, slabě pryskyřičná, chuť lehce nasládlá.\r\n\r\nPoznámka: Nedá se zaměnit za žádnou jedovatou houbu, svým zjevem tvoří jakýsi můstek mezi klouzky a hřiby. Starší plodnice bývají velmi často červivé - bohužel chutnají i slimákům.",
    "edibility": "jedla",
    "image": "mushroom_images/Klouzek_strakoš.jpg",
    "family": 2,
    "habitats": [
      7,
      16
    ]
  }
},
{
  "model": "viewer.mushroom",
  "pk": 35,
  "fields": {
    "name_cz": "Kozák dubový",
    "name_latin": "Leccinellum crocipodium",
    "description": "Klobouk 40-200mm v průměru, v mládí vyklenutý, ve stáří plochý, lysý. V dospělosti povrch klobouku políčkovitě rozpraskává. V mládí je barvy v mládí světle olivově žluté, později je žlutohnědý až hnědý.\r\n\r\nRourky velmi dlouhé až 30mm, okrově žluté až šedožluté, poraněním fialově hnědnou. Póry jsou v mládí světle žluté, později mají až olivově hnědou barvu.\r\n\r\nTřeň 50-200mm vysoký, 10-30mm tlustý, nejdříve břichatý, později kyjovitý až válcovitý, často prohnutý, podélně rýhovaný až žebrovaný, vřetenově kořenující, barvy světle citrónově žluté, ve stáří až bělavé, s jemnými šupinkami, po poranění červenohnědnoucí.\r\n\r\nDužnina pevná, tuhá, ve třeni skoro vláknitá, světle citrónově žlutá až bělavá. Na řezu se zbarvuje vínově až černě.\r\n\r\nChuť je příjemná. Vůně nevýrazná.",
    "edibility": "jedla",
    "image": "mushroom_images/Kozák_dubový.jpg",
    "family": 2,
    "habitats": [
      11,
      17
    ]
  }
},
{
  "model": "viewer.mushroom",
  "pk": 36,
  "fields": {
    "name_cz": "Kozák habrový",
    "name_latin": "Leccinum pseudoscabrum",
    "description": "KLOBOUK: 50-150mm široký,na okraji bez blanky, v mládí polokulovitý, potom vyklenutý, ve stáří až poduškovitý, barevně různý - šedožlutý, okrový, hnědožlutý, černohnědý, holý, vetšinou zvrásněný. Povrch klobouku po otlačení tmavne, za sucha často políčkovitě rozpraskává.\r\n\r\nROURKY:10-20mm dlouhé, okolo vrcholu třeně mírně stlačené, v mládí bělavé, později až špinavě nažloutlé, ve stáří pak šedé nedo šedohnědé, po otlačení tmavnoucí.\r\n\r\nPÓRY: Stejně zbarvené jako stěny rourek, drobné, okrouhlé, po otlačení tmavnoucí.\r\n\r\nVÝTRUSNÝ PRACH: Hnědý.\r\n\r\nTŘĚŇ: 70-160x10-30mm, válcovitý, nebo protáhle kyjovitý, na povrchu šupinkatý, v horní části podélně rýhovaný. Šupinky jsou v horní polovině třeně v mládí bělavé, později šedé, v dolní polovině nejprve šedohnědé, ve stáří černohnědé až černé.\r\n\r\nVÝTRUSY: 11,5-21,5x5-6,7µm velké, elipsoidně vřetenovité, hladké, z bočního pohledu s málo zřetelnou suprahilární depresí.",
    "edibility": "jedla",
    "image": "mushroom_images/Kozák_habrový.jpg",
    "family": 2,
    "habitats": [
      1,
      2,
      18
    ]
  }
},
{
  "model": "viewer.mushroom",
  "pk": 37,
  "fields": {
    "name_cz": "Křemenáč březový",
    "name_latin": "Leccinum versipelle",
    "description": "Klobouk 50-200mm široký, polokulovitý až rozložený, barvy žlutooranžové nebo červenooranžové. Rourky a póry jsou v mládí špinavě bělavé, pak šedé až hnědavé.\r\n\r\nTřeň 80-200x20-60mm, dlouze kyjovitý, pak téměř válcovitý, bělavý,\r\nod mládí s nápadnými hustými černými nebo tmavohnědými šupinkami.\r\n\r\nDužnina je bělavá, v bázi třeně modrozelená a na řezu se barvící do vínově červena až fialově šeda.",
    "edibility": "jedla",
    "image": "mushroom_images/Křemenáč_březový.jpg",
    "family": 2,
    "habitats": [
      19
    ]
  }
},
{
  "model": "viewer.mushroom",
  "pk": 38,
  "fields": {
    "name_cz": "Límcovka černovýtrusá",
    "name_latin": "Stropharia melanosperma",
    "description": "Klobouk: 30-70mm v průměру, nejdříve polštářkovitý, s maturací plodnice se stává rozložitým. Barva - bílá, bělavá až nažloutlá. Celý povrch je hladký. Klobouk není nikterak silný.\r\n\r\nLupeny: středně husté a slabé, barvy v mládí bělošedé, s postupným zráním výtrusů jsou narůžovělé, modrošedé až černošedé.\r\n\r\nVýtrusný prach: fialovočerný.\r\n\r\nTřeň: poměrně dlouhý (50-100mm), silný cirka 5 - 10mm, bílý, bazální část je pokryta drobnými, bělavými šupinkami. Na bazi může mít malý tuberosní výrůstek. Prsten: malý, jemný, vysoce postavený, nejdříve bílý, pak na vrcholu postupně tmavne. Povrch třeně může být lehce obarvený do žlutá.\r\n\r\nDužnina: měkká, bílá, bělavá až jemně nažloutlá.",
    "edibility": "jedla",
    "image": "mushroom_images/Límcovka_černovýtrusá.jpg",
    "family": 1,
    "habitats": [
      6,
      9
    ]
  }
},
{
  "model": "viewer.mushroom",
  "pk": 39,
  "fields": {
    "name_cz": "Límcovka věnčená",
    "name_latin": "Stropharia coronilla",
    "description": "Klobouk je 20 až 50 mm široký, sklenutý, později plochý, za vlhka slizce lepivý. Barva světle žlutá až okrová.\r\nLupeny vykrojeně připojené, šedohnědé až fialově hnědé se světlejším ostřím.\r\nTřeň 40 až 60 mm dlouhý, až 8 mm tlustý, bělavý, později nažloutlý nebo nahnědlý, podélně vláknitý, s bílým blanitým nebo vatovitým těsně přiléhajícím prstenem, na horní straně rýhovaným. Prsten někdy chybí.\r\nDužnina bělavá nebo nažloutlá, chuť mírná, vůně nevýrazná.",
    "edibility": "nejedla",
    "image": "mushroom_images/Límcovka_věnčená.jpg",
    "family": 6,
    "habitats": [
      6,
      9,
      11
    ]
  }
},
{
  "model": "viewer.mushroom",
  "pk": 40,
  "fields": {
    "name_cz": "Liška žlutavá",
    "name_latin": "Craterellus lutescens",
    "description": "Podobá se tvarově Lišce nálevkovité. Zejména se od ní liší dlouho hladkým, pak pouze vrásčitým, až jemně žilnatým žlutooranžovým hymeniem a oranžově žlutým třeněm.\r\n\r\nKlobouk má šedohnědý, zprvu vločkatě šupinkatý, pak lysý.",
    "edibility": "jedla",
    "image": "mushroom_images/Liška_žlutavá.jpg",
    "family": 5,
    "habitats": [
      2,
      7
    ]
  }
},
{
  "model": "viewer.mushroom",
  "pk": 41,
  "fields": {
    "name_cz": "Lysohlávka horská",
    "name_latin": "Psilocybe montana",
    "description": "Klobouk: 8-16mm, nízce sklenutý až plochý, za vlhka lepkavý, červenohnědý, za sucha světlejší do žlutohněda\r\n\r\nLupeny: řídké, trojúhelníkové, hnědé až purpurovohnědé\r\n\r\nTřeň: 20-40x1-5mm\r\n\r\nDužnina: bez vůně a chuti",
    "edibility": "nejedla",
    "image": "mushroom_images/Lysohlávka_horská.jpg",
    "family": 7,
    "habitats": [
      20
    ]
  }
},
{
  "model": "viewer.mushroom",
  "pk": 42,
  "fields": {
    "name_cz": "Lysohlávka hnojní",
    "name_latin": "Deconica merdaria",
    "description": "Klobouk: 10-40mm široký, polokulovitý, žemlově hnědý, okolo středu za vlhka tmavší, až hnědý, na samém okraji bíle lemovaný, slizký.\r\n\r\nLupeny: v mládí světle hnědavé, brzy šednoucí až fialovějící, skvrnité, s bělavým ostřím, relativně řídké.\r\n\r\nTřeň: světle hnědavý, bělavě vláknitý, až šupinkatý s prstenovou zónou, ale bez prstenu, v mládí plný, později dutý.\r\n\r\nDužnina: bělavá, nažloutlá až světle hnědá.\r\n\r\nChuť: mírná, vůně nevýrazná.\r\n\r\nVýtrusný prach: hnědofialový.\r\n\r\nVýtrusy: 11-13x7,5-9x7-8 μm, šestihranné (hexagonální), tlustostěnné, fialově hnědé.\r\n\r\n\r\nPoznámka: obsahuje halucinogenní látky psilocin a psilocybin.",
    "edibility": "jedovata",
    "image": "mushroom_images/Lysohlávka_hnojní.jpg",
    "family": 7,
    "habitats": [
      8
    ]
  }
},
{
  "model": "viewer.mushroom",
  "pk": 43,
  "fields": {
    "name_cz": "Muchomůrka šafránová",
    "name_latin": "Amanita crocea",
    "description": "Klobouk je holý, zpočátku vejčitý, později sklenutý až plochý, s rýhovaným okrajem. V průměru má 50-120mm, barvu má šafránově až červeně oranžovou.\r\n\r\nTřeň má stejnou barvu jako klobouk, bez prstence, vyrůstá z bílé pochvy, vysoký až 160mm, 20mm v průměru. Je příčně žíhaný a pokrytý vločkatými šupinami.\r\n\r\nLupeny jsou husté, u třeně nepřirostlé, v mládí bělavé, později krémově žlutavé.\r\n\r\nDužina je křehká a má příjemnou vůni.\r\n\r\nZa syrova je jedovatá, je nutno jí déle tepelně upravovat.",
    "edibility": "jedla",
    "image": "mushroom_images/Muchomůrka_šafránová.jpg",
    "family": 1,
    "habitats": [
      21
    ]
  }
},
{
  "model": "viewer.mushroom",
  "pk": 44,
  "fields": {
    "name_cz": "Pavučinec meruňkový",
    "name_latin": "Cortinarius armeniacus",
    "description": "Klobouk 30-70mm široký, bývá polokulovitý, pak klenutý až téměř plochý s tupým hrbolem, hladký, hedvábně lesklý, lehce hygrofánní, za vlhka živě oranžově hnědý, za sucha okrově žlutý, v mládí často bělavě vláknitý, s dlouho podvinutým, později hladkým a ostrým okrajem často se zbytky bělavé pavučinky.\r\n\r\nLupeny široké, krátce připojené, světle okrově hnědé, později rezavě hnědé s jemně bělavě vločkatým ostřím.\r\n\r\nTřeň je 40-90mm vysoký,7-14mm široký, válcovitý až kyjovitý, na bázi stloustlý, plný, pružný, na světle hnědém podkladě bíle vláknitý, pak výrazně lysý a jen s nenápadnými zbytky vela.\r\n\r\nDužnina je tence masitá, bělavá až vodnatě hnědavá s mírnou chutí a slabou ovocnou vůní.",
    "edibility": "nejedla",
    "image": "mushroom_images/Pavučinec_meruňkový.jpg",
    "family": 8,
    "habitats": [
      7,
      16
    ]
  }
},
{
  "model": "viewer.mushroom",
  "pk": 45,
  "fields": {
    "name_cz": "Pavučinec nafialovělý",
    "name_latin": "Cortinarius salor",
    "description": "Klobouk: 35-90mm široký, nejdříve polokulovitý, později plochý, na temeni s plochým hrbolem, v mládí modrofialový, později až hnědofialový, na středu vybledající do okrova, až žluta.\r\n\r\nLupeny: v mládí fialové, později hnědorezavé.\r\n\r\nTřeň: 60-120mm vysoký, 8-15mm široký, v mládí modrofialový, nesoucí zbytky rezavé pavučinky, později světlejší se žlutavým nádechem.\r\n\r\nDužnina: bělavá, na vrcholu třeně nafialovělá, v bázi okrová.\r\n\r\nChuť: mírná, vůně nenápadná.\r\n\r\nVýtrusný prach: rezavý.",
    "edibility": "nejedla",
    "image": "mushroom_images/Pavučinec_nafialovělý.jpg",
    "family": 8,
    "habitats": [
      7,
      13
    ]
  }
},
{
  "model": "viewer.mushroom",
  "pk": 46,
  "fields": {
    "name_cz": "Pavučinec různý",
    "name_latin": "Cortinarius varius",
    "description": "Klobouk: 30-120mm v průměru, v mládí polokulovitý, pak vyklenutý až plochý, někdy paprsčitě zvrásněný, za vlhkého počasí slizký, za sucha hedvábně lesklý,\r\nv mládí ověšený zbytky vela. Barvy žemlové, žlutohnědé až rezavě hnědé. Uprostřed tmavší, na okraji více žlutý. Okraj v mládí dlouho značně podvinutý.\r\n\r\nLupeny: Vykrojeně zoubkem připojené, nepříliš husté, barvy v mládí růžovofialové, později dlouho modrofialové, pak fialově hnědé až světle skořicové. Ostří hladké, bělavé.\r\n\r\nTřeň: 50-100x10-30mm, plný, někdy i rourkovitý, kyjovitý, nebo válcovitý na bázi až hlízovitý, jemně vločkatý, někdy však i hladký, barvy bělavé s modrým nádechem, později světle okrově hnědé.\r\n\r\nDužnina: tlustě masitá, bělavá, vůně příjemná, někdy slabě plísňová, chuť nasládlá.\r\n\r\nVýtrusný prach: Světle rezavě hnědý.\r\n\r\nVýtrusy: 10-15x5-7,5µm, mandlovité, drobně bradavčité, barvy rezavě hnědé.\r\n\r\nVzužití: Dobrá jedlá houba. Jeden z mála dobře určitelných pavučinců.",
    "edibility": "jedla",
    "image": "mushroom_images/Pavučinec_různý.jpg",
    "family": 8,
    "habitats": [
      1,
      7,
      16
    ]
  }
},
{
  "model": "viewer.mushroom",
  "pk": 47,
  "fields": {
    "name_cz": "Pavučinec smrčinný",
    "name_latin": "Cortinarius spadicellus",
    "description": "Klobouk: 40–100 mm široký, nejprve polokulovitý později až sklenutý, hnědočervený, vrostle vláknitý, lepkavý, nehygrofánní.\r\n\r\nLupeny: husté, v mládí modrofialové, ve stáří rezavé.\r\n\r\nTřeň: válcovitý, 70–120 x 10–20 mm, na bázi často hlízovitý, bílý, nafialovělý.\r\n\r\nDužnina: bílá, lehce modravě mramorovaná.\r\n\r\nVůně: příjemně nasládlá.\r\n\r\nVýtrusný prach: rezavý.\r\n\r\nVýtrusy: 10,5–13,5 x 6–7 µm velké, eliptické až mandlovité, hrubě bradavčité.\r\n\r\nPoznámka: je zařazen v Červeném seznamu hub ČR v kategorii DD- druh, o kterém nejsou dostatečné údaje.",
    "edibility": "nejedla",
    "image": "mushroom_images/Pavučinec_smrčinný.jpg",
    "family": 8,
    "habitats": [
      7
    ]
  }
},
{
  "model": "viewer.mushroom",
  "pk": 48,
  "fields": {
    "name_cz": "Pavučinec šedonohý",
    "name_latin": "Cortinarius glaucopus",
    "description": "Klobouk: 50-100mm široký, v mládí zprohýbaně polokulovitý, později vyklenutý, ve stáří s tendencí ke zvedání okraje, dlouho podvinutý, mírně vrostle rezavě až rezavoolivově vláknitý, za vlhka slizký, žluto, až rezavohnědý s často olivovými tóny na okraji na středu pokrytý stříbřitými útržky vela.\r\n\r\nLupeny: husté, šedomodré až šedofialové, později světle hlínově hnědé s modrým nádechem, u dozrálých plodnic rezavé.\r\n\r\nTřeň: 50-100mm vysoký, 12-25mm široký, na bázi zakončený až 35mm širokou hlízou. Nejprve fialovomodrý pokrytý modrostříbřitými, později od výtrusů rezavými zbytky kortiny , později špinavě bělavý, nakonec hnědý až rezavý.\r\n\r\nDužnina: bělavá až krémová, v bázi třeně žlutohnědá, nad bází namodralá.\r\n\r\nChuť: mírná, vůně v mládí mírná, slabě ovocná, ve stáří ostrá.\r\n\r\nVýtrusný prach: rezavý.\r\n\r\nVýtrusy: 6-10 x 4-5.5µ .",
    "edibility": "jedla",
    "image": "mushroom_images/Pavučinec_šedonohý.jpg",
    "family": 8,
    "habitats": [
      7
    ]
  }
},
{
  "model": "viewer.mushroom",
  "pk": 49,
  "fields": {
    "name_cz": "Pavučinec vítězný",
    "name_latin": "Cortinarius triumphans",
    "description": "Klobouk má v průměru 50-120mm, je nejdřív polokulovitý, pak sklenutý až plochý,\r\ns tupým hrbolem, za sucha matný, za mokra slizký, lesklý, žlutookrový, na sředu oranžověhnědý s přitisklými vláknitými šupinkami. Okraj klobouku je v mladí spojen\r\ns třeněm bílou pavučinkou.\r\n\r\nLupeny jsou úzké, břichaté, široce připojené, zpočátku krémově bílé, se slabým růžovofialovým nádechem, ale brzy žlutookrové až okrově hnědé.\r\n\r\nTřeň je 60-140x12-25mm, válcovitý na bázi kyjovitě rozšířený, krátce kořenující, plný, bělavý, pokrytý zbytky okrově hnědé plachetky v několika prstencovitých zónách nad sebou.\r\n\r\nDužnina je masitá, bělavá, nevýrazné chuti a vůně.",
    "edibility": "jedla",
    "image": "mushroom_images/Pavučinec_vítězný.jpg",
    "family": 8,
    "habitats": [
      1,
      2,
      19
    ]
  }
},
{
  "model": "viewer.mushroom",
  "pk": 50,
  "fields": {
    "name_cz": "Pečárka císařská",
    "name_latin": "Agaricus augustus",
    "description": "Klobouk je 100–250mm široký, v mládí téměř kulovitý, později se rozevírá až do sklenuta a má často nepravidelný tvar. Má žlutohnědou barvu a zřetelné kruhy hnědých vláknitých šupin na žlutém podkladu; šupiny se směrem ke středu klobouku spojují. Po otlačení žloutne.\r\n\r\nTřeň je 100–200mm dlouhý, bělavý s malými odstátými šupinkami a velikým bělavým prstenem.\r\n\r\nLupeny jsou zprvu bělavé, stářím se zbarvují dohněda.\r\n\r\nDužnina je tlustá, bílá a voní výrazně houbově.\r\n\r\nVýtrusný prach je hnědý.\r\n\r\nVyužití: využitelná obvyklými kuchyňskými způsoby. Sušená má výbornou chuť i vůni, která obohatí každé houbové jídlo. Klobouk nemusíte loupat, stačí jej otřít vlhkou utěrkou. Třeň je lepší pro jeho tuhost nepoužívat.",
    "edibility": "jedla",
    "image": "mushroom_images/Pečárka_císařská.jpg",
    "family": 6,
    "habitats": [
      1,
      2
    ]
  }
},
{
  "model": "viewer.finding",
  "pk": 1,
  "fields": {
    "user": 1,
    "mushroom": 11,
    "description": "Bedla vysoká je jedlá houba s velkým, hnědým kloboukem a dlouhým třeněm. Roste na lesních okrajích a ve světlých lesích.",
    "date_found": "2023-09-01",
    "latitude": 49.234,
    "longitude": 16.123,
    "image": "finding_images/295px-Parasol-1_MnfHR2H.jpg"
  }
},
{
  "model": "viewer.finding",
  "pk": 2,
  "fields": {
    "user": 2,
    "mushroom": 9,
    "description": "Choroš oříš je nejedlá houba, která roste na mrtvém nebo umírajícím dřevě, často tvoří velké kolonie.",
    "date_found": "2024-06-02",
    "latitude": 50.123,
    "longitude": 15.234,
    "image": "finding_images/1200px-Polyporus_umbellatus.jpg"
  }
},
{
  "model": "viewer.finding",
  "pk": 3,
  "fields": {
    "user": 4,
    "mushroom": 7,
    "description": "Choroš šupinatý je jedlá houba, často nacházená na pařezech a padlých kmenech stromů. Má charakteristický šupinatý povrch.",
    "date_found": "2024-05-05",
    "latitude": 49.345,
    "longitude": 14.456,
    "image": "finding_images/choroš_šupinatý.jpg"
  }
},
{
  "model": "viewer.finding",
  "pk": 4,
  "fields": {
    "user": 6,
    "mushroom": 15,
    "description": "Holubinka hlínožlutá je jedlá houba s tvrdým, křehkým kloboukem a hlínožlutou barvou. Roste v listnatých i jehličnatých lesích.",
    "date_found": "2023-07-20",
    "latitude": 48.567,
    "longitude": 17.678,
    "image": "finding_images/Russula.ochroleuca.-.lindsey_wADkiIe.jpg"
  }
},
{
  "model": "viewer.finding",
  "pk": 5,
  "fields": {
    "user": 5,
    "mushroom": 14,
    "description": "Holubinka mandlová je jedlá houba s jemnou mandlovou vůní a chutí. Obvykle roste v listnatých lesích.",
    "date_found": "2023-08-30",
    "latitude": 50.789,
    "longitude": 12.89,
    "image": "finding_images/Holubinka_mandlová.jpg"
  }
},
{
  "model": "viewer.finding",
  "pk": 6,
  "fields": {
    "user": 5,
    "mushroom": 13,
    "description": "Holubinka nazelenalá je jedlá houba, známá svou zelenou barvou a pevnou strukturou. Často roste v borových lesích.",
    "date_found": "2023-07-10",
    "latitude": 49.012,
    "longitude": 13.012,
    "image": "finding_images/64894_1.jpg"
  }
},
{
  "model": "viewer.finding",
  "pk": 7,
  "fields": {
    "user": 5,
    "mushroom": 2,
    "description": "Hřib kovář je jedlá houba s červeným třeněm a modrající dužinou. Roste na okrajích lesů a v horských oblastech.",
    "date_found": "2024-06-25",
    "latitude": 48.234,
    "longitude": 16.123,
    "image": "finding_images/Boletus_erythropus1.jpg"
  }
},
{
  "model": "viewer.finding",
  "pk": 8,
  "fields": {
    "user": 6,
    "mushroom": 1,
    "description": "Hřib smrkový je jedlá houba s hnědým kloboukem a bílým třeněm. Roste v jehličnatých lesích, často pod smrky.",
    "date_found": "2023-09-10",
    "latitude": 49.345,
    "longitude": 17.234,
    "image": "finding_images/Hřib_smrkový.jpg"
  }
},
{
  "model": "viewer.finding",
  "pk": 9,
  "fields": {
    "user": 6,
    "mushroom": 3,
    "description": "Je nejedlá houba s hořkou chutí. Má hnědý klobouk a růžové až hnědé lupeny. Roste v lesích a parcích.",
    "date_found": "2023-09-30",
    "latitude": 50.456789,
    "longitude": 15.345678,
    "image": "finding_images/2006-09-14_Tylopilus_felleus_crop.jpg"
  }
},
{
  "model": "viewer.finding",
  "pk": 10,
  "fields": {
    "user": 1,
    "mushroom": 18,
    "description": "Kotrč kadeřavý je jedlá houba s charakteristickým květákovitým vzhledem. Roste na bázi kmenů borovic a smrků.",
    "date_found": "2023-09-25",
    "latitude": 49.654321,
    "longitude": 14.987654,
    "image": "finding_images/kotrc_v9sYINU.jpg"
  }
},
{
  "model": "viewer.finding",
  "pk": 11,
  "fields": {
    "user": 3,
    "mushroom": 6,
    "description": "Liška obecná je jedlá houba se žlutým kloboukem a bílým třeněm. Roste v jehličnatých i listnatých lesích.",
    "date_found": "2024-07-05",
    "latitude": 50.123456,
    "longitude": 13.654321,
    "image": "finding_images/Liška_obecná.jpg"
  }
},
{
  "model": "viewer.finding",
  "pk": 12,
  "fields": {
    "user": 3,
    "mushroom": 4,
    "description": "Lišák zprohýbaný je jedlá houba s charakteristickým zprohýbaným kloboukem. Roste v listnatých a smíšených lesích.",
    "date_found": "2023-08-20",
    "latitude": 48.567123,
    "longitude": 17.456789,
    "image": "finding_images/HydnumRepandum.JPG"
  }
},
{
  "model": "viewer.finding",
  "pk": 13,
  "fields": {
    "user": 4,
    "mushroom": 16,
    "description": "Muchomůrka růžovka je jedlá houba s růžovým kloboukem a bílým třeněm. Roste v listnatých a smíšených lesích.",
    "date_found": "2024-07-01",
    "latitude": 50.234567,
    "longitude": 14.56789,
    "image": "finding_images/Muchomůrka_růžovka.jpg"
  }
},
{
  "model": "viewer.finding",
  "pk": 14,
  "fields": {
    "user": 5,
    "mushroom": 17,
    "description": "Muchomůrka tygrovaná (Amanita pantherina), také muchomůrka panterová či muchomůrka tygrovitá, je jedovatá a halucinogenní houba z čeledi muchomůrkovitých.",
    "date_found": "2024-06-15",
    "latitude": 48.789012,
    "longitude": 16.345678,
    "image": "finding_images/Muchomůrka_tygrovaná.jpg"
  }
},
{
  "model": "viewer.finding",
  "pk": 15,
  "fields": {
    "user": 4,
    "mushroom": 12,
    "description": "Muchomůrka červená je velmi jedovatá",
    "date_found": "2023-08-10",
    "latitude": 49.654321,
    "longitude": 15.678901,
    "image": "finding_images/muchomurka_VVmds3s.jpg"
  }
},
{
  "model": "viewer.finding",
  "pk": 16,
  "fields": {
    "user": 2,
    "mushroom": 8,
    "description": "Plodnice má kopytovitý tvar. Běžně dosahuje až 10–30 cm šířky a 7–15 cm výšky. Víceletá plodnice dosahuje až 50 cm šířky a 25 cm výšky.",
    "date_found": "2023-11-08",
    "latitude": 50.123456,
    "longitude": 13.789012,
    "image": "finding_images/Fomes_fomentarius_-_geograph.org.uk_-_1426112.jpg"
  }
},
{
  "model": "viewer.finding",
  "pk": 17,
  "fields": {
    "user": 3,
    "mushroom": 10,
    "description": "Tato houba má bílý klobouk, který se při růstu zbarvuje do růžova. Je velmi oblíbená pro svou jemnou chuť.",
    "date_found": "2023-09-20",
    "latitude": 49.234567,
    "longitude": 14.56789,
    "image": "finding_images/1200px-Agaricus_campestris.jpg"
  }
},
{
  "model": "viewer.finding",
  "pk": 18,
  "fields": {
    "user": 2,
    "mushroom": 17,
    "description": "Muchomůrka tygrovaná je jedovatá houba s hnědým kloboukem a bílými skvrnami. Roste v listnatých a smíšených lesích.",
    "date_found": "2024-06-15",
    "latitude": 48.789012,
    "longitude": 16.345678,
    "image": "finding_images/Muchomůrka_tygrovaná_KySREW5.jpg"
  }
},
{
  "model": "viewer.finding",
  "pk": 19,
  "fields": {
    "user": 13,
    "mushroom": 11,
    "description": "Test finding description",
    "date_found": "2024-07-04",
    "latitude": 50.0755,
    "longitude": 14.4378,
    "image": ""
  }
},
{
  "model": "viewer.recipe",
  "pk": 1,
  "fields": {
    "user": 1,
    "title": "Bedly v bramboráku",
    "ingredients": "4-5 větších brambor,1 vejce, 1 menší cibule,5-6 stroužků česneku,cca 50 ml horkého mléka,2 lžíce strouhanky,hladká mouka podle potřeby,majoránka,mletý pepř,sůl,kmín,sádlo na smažení,menší rovné kloboučky bedel,sůl,pepř",
    "instructions": "Polovinu brambor nastrouháme na hrubším struhadle, zbytek na jemnějším. Cibuli nasekáme na drobné kousíčky, česnek prolisujeme.\r\n    Přidáme vejce, koření, mléko, cibuli, česnek a strouhanku. Podle potřeby zahustíme moukou. Kloboučky lehce ze spodní části osolíme a opepříme.\r\n    Rozehřejeme pánev s tukem (hodně) a lžíci dáme trochu těsta podle velikosti kloboučků v tenké vrstvě na pánev. Na to klobouček a zakryjeme vrstvou těsta.\r\n    Smažíme z obou stran dozlatova. Odkládáme hned na papírový ubrousek a důkladně vysajeme přebytečný tuk. Těsto drží dobře a dobře se to otáčí.\r\n\r\nPoznámka autorky receptu\r\n\r\nZkoušela jsem dát klobouček do těsta, na spodní stanu lehce těsto a tou stranou do tuku. Na to jsem lžíci dala a pokryla klobouček shora. Taky to jde dobře.",
    "image": "recipe_images/bedla_bramborak_RYjomtc.jpg",
    "main_mushroom": 11,
    "source": "https://www.toprecepty.cz/recept/61603-bedly-v-bramboraku/",
    "rating": "4.0"
  }
},
{
  "model": "viewer.recipe",
  "pk": 2,
  "fields": {
    "user": 3,
    "title": "Bedly na kmíně",
    "ingredients": "bedly,\r\ndrcený kmín,\r\nsůl,\r\nsádlo,",
    "instructions": "Bedly očistíme a nakrájíme na 3x3 cm kousky (nebo jak kdo má rád).\r\nPro jednu porci dáme na pánev 1 lžíci sádla, kterou rozehřejeme.\r\nPřidáme bedly, kmín, osolíme a necháme restovat na mírném ohni, dokud se neodpaří všechna voda, kterou bedly pustí.\r\nPodáváme s pečivem.",
    "image": "recipe_images/bedla_na_kmine_YiKuxrz.jpg",
    "main_mushroom": 11,
    "source": "https://www.toprecepty.cz/recept/29688-bedly-na-kmine/",
    "rating": "2.0"
  }
},
{
  "model": "viewer.recipe",
  "pk": 3,
  "fields": {
    "user": 4,
    "title": "Bedly na kmíně 2",
    "ingredients": "4 ks velké bedly,\r\n1 ks menší cibule,\r\n1 lžíce sádla,\r\n1 lžíce drceného kmínu,\r\nsůl",
    "instructions": "Bedly opláchneme vodou, očistíme a hlavičky nakrájíme na kostky.Na pánvi si rozehřejeme sádlo, na kterém opečeme nasekanou cibuli.\r\nPřidáme bedly spolu s kmínem a solí a restujeme, dokud se z pánve neodpaří voda, kterou bedly vypustily.\r\nPodáváme s čerstvým pečivem.",
    "image": "recipe_images/bedla_na_kmine2_IO8Q03s.jpg",
    "main_mushroom": 11,
    "source": "https://nasadle.cz/recepty/bedly-na-kmine/?doing_wp_cron=1720440578.3168599605560302734375",
    "rating": "0.0"
  }
},
{
  "model": "viewer.recipe",
  "pk": 4,
  "fields": {
    "user": 5,
    "title": "Lišková bruschetta",
    "ingredients": "40 g jarní cibule,\r\n250 g lišek,\r\n100 g červené papriky,\r\n300 g rajčat,\r\n2 lžíce olivového oleje,\r\nsůl, pepř,\r\n1 lžíce petržele,\r\n1 lžíce bazalky,\r\n8 plátků ciabatty,\r\n1 stroužek česneku,\r\n1 lžíce olivového oleje,\r\nhladkolistá petržel,",
    "instructions": "Jarní cibuli nakrájíme na kolečka. Lišky důkladně očistíme a nakrájíme na malé kousky. Papriku nakrájíme na malé kostičky. Rajčata krátce spaříme, necháme vychladnout a oloupeme z nich slupku a nakrájíme na kostičky. Petrželku a bazalku nakrájíme nadrobno. Olivový olej rozehřejeme na pánvi a lišky na něm opečeme. Přidáme cibuli a ochutíme solí a pepřem. Papriku a rajčata přidáme a 2 minuty společně restujeme. Přimícháme bylinky, sundáme z plamene a udržujeme v teple. Plátky ciabatty položíme na plech. Česnek oloupeme a prolisujeme. Smícháme jej s olivovým olejem a potřeme tím plátky a vložíme do předem vyhřáté trouby na 200 stupňů. Pečeme asi 5 minut. Vyjmeme z trouby a liškovou směs rozložíme navrch a podáváme posypané petrželí.",
    "image": "recipe_images/bruschetta_lisky_avm5K9y.jpg",
    "main_mushroom": 6,
    "source": "http://www.mlsanicko.cz/liskova-bruschetta/",
    "rating": "4.3"
  }
},
{
  "model": "viewer.recipe",
  "pk": 5,
  "fields": {
    "user": 5,
    "title": "Bedlový guláš",
    "ingredients": "6 ks brambory,\r\ncca 6 ks střední bedly,\r\n2 ks cibule,\r\n2 ks česnek,\r\n2 lžíce Hraška na zahušťování, \r\n1 lžíce uzená paprika,\r\n1 lžíce sladká paprika,\r\n1 ks zeleninový bio bujón,\r\nchilli koření,\r\nmletý kmín,\r\nsůl,\r\nlibeček,\r\nolej,",
    "instructions": "Cibuli a česnek nakrájíme na kostičky a dozlatova orestujeme na oleji. Přidáme oloupané, na kostky nakrájené brambory a přidáme koření. Krátce opečeme. Zalijeme vodou, promícháme a přidáme na kostičky nakrájené bedly a rozdrobený bujón.\r\n\r\nPřiklopíme pokličkou a povaříme cca 20 minut. Hrašku rozkvedlíme vidličkou v troše vody a vlijeme do guláše. Osolíme dle chuti a povaříme do zhoustnutí.",
    "image": "recipe_images/gulas_bedla_wIap7ZE.jpg",
    "main_mushroom": 11,
    "source": "https://www.snedeno.cz/recept/bedlovy-gulas/",
    "rating": "3.0"
  }
},
{
  "model": "viewer.recipe",
  "pk": 6,
  "fields": {
    "user": 4,
    "title": "Dršťková polévka z hub",
    "ingredients": "houby Masáky 300g,\r\nvětší cibule 1ks,\r\nčervená paprika sladká 2 polévkové lžíce,\r\nčesnek 3 stroužky,\r\nmajoránka 1 polévkové lžíce,\r\nkmín drcený 1 polévkové lžíce,\r\nsůl,\r\npepř,\r\nHladká mouka - jíška tmavá,\r\nsádlo,\r\nvývar pokud máme nebo masox,",
    "instructions": "Na sádle zpěníme cibuli. Přidáme houby a podlijeme vývarem pokud není jen vodou a přidáme zmíněný masox, přidáme papriku, kmín, sůl, pepř a dusíme do měkka.\r\nPoté přidáme prolisovaný česnek, majoránku, chvilku provaříme, přidáme jíšku a je hotovo\r\n(komu chutná vlastní výroba dršťkové polévky, tak dá místo drštěk houby. Masáky jsou nejlepší).",
    "image": "recipe_images/drst_pol_c7L1HVS.jpg",
    "main_mushroom": 16,
    "source": "https://www.toprecepty.cz/recept/13943-drstkova-polevka-z-masaku/",
    "rating": "0.0"
  }
},
{
  "model": "viewer.recipe",
  "pk": 7,
  "fields": {
    "user": 4,
    "title": "Tinktura z muchomůrky červené",
    "ingredients": "několik kusů,",
    "instructions": "klobouky muchomůrky nakrájejte na menší kousky – sbírám ještě plně nerozvinuté\r\nnakrájené klobouky nasypte do zavařovačky a zalijte je lihem\r\n  nechte macerovat na světlém místě několik týdnů – obsah protřepávejte – potom přeceďte\r\n\r\nTinktura se užívá zevně ve formě obkladu:\r\n\r\ngázu nebo plátěný hadřík namočte do tinktury a přiložte na místo\r\n navrch doporučuji gázu zabalit nepromokavým materiálem a následně ještě zajistit obinadlem",
    "image": "recipe_images/mochomurka_tinktur_w5NrZ8G.png",
    "main_mushroom": 12,
    "source": "https://www.provonenyden.cz/tinktura-z-muchomurky-cervene/",
    "rating": "4.0"
  }
},
{
  "model": "viewer.recipe",
  "pk": 8,
  "fields": {
    "user": 1,
    "title": "Babiččina rychlá kulajda",
    "ingredients": "6 středně velkých brambor,\r\n1 větší cibule,\r\nlesní houby (nebo žampiony),\r\n200 g smetany na vaření 12%,\r\nčerstvý kopr,\r\nsůl,\r\n2 špetky kmínu,\r\n3 bobkové listy,\r\n2 lžíce hladké mouky,\r\n1 lžíce octa,\r\n2 vejce,",
    "instructions": "Do hrnce s vodou (asi 2 litry) vložíme nakrájené oloupané brambory, nadrobno nakrájenou cibuli, nakrájené houby, kmín a bobkové listy. Osolíme a dáme vařit.\r\nKdyž jsou brambory téměř měkké, zahustíme polévku smetanou, ve které důkladně rozmícháme mouku. Necháme ještě pozvolna vařit, až brambory změknou úplně.\r\nJak snadno rozmíchat záklechtku\r\nKe konci varu vmícháme rozkvedlaná vajíčka a drobně nakrájený kopr. Polévku odstavíme a dochutíme octem.\r\n\r\nPoznámka autora receptu\r\n\r\nHouby lze použít sušené, nakládané, čerstvé nebo mražené. Dají se použít i nakládané žampiony. Kopr může být čerstvý i sterilovaný. Ten je nutné propláchnout na sítku, aby ztratil nasládlou chuť.",
    "image": "recipe_images/kulajda_9tNAhbU.jpg",
    "main_mushroom": 10,
    "source": "https://www.toprecepty.cz/recept/23125-babiccina-rychla-kulajda/",
    "rating": "2.0"
  }
},
{
  "model": "viewer.recipe",
  "pk": 9,
  "fields": {
    "user": 4,
    "title": "Plněné žampiony",
    "ingredients": "olivový olej 2 PL,\r\ncibule 1 ks,\r\nmalá, najemno,\r\nklobása vinná 150 g,\r\nvymáčknutá ze střívka,\r\ntymián 1 ČL,\r\nsušený, nasekaný, lze nahradit hrstí čerstvého,\r\nžampiony 12 ks,\r\nhlavičky vcelku, nohy odlomit, nadrobno,\r\nsýr 50 g,\r\ntypu ementál, nastrouhaný,\r\nmáslo,\r\nna vymazání,",
    "instructions": "Předehřejte troubu na 200, horkovzdušnou na 180 stupňů.\r\nV pánvi rozpalte olej a osmahněte na něm dozlatova cibuli a pokrájené nohy hub. Stáhněte z ohně a přimíchejte vymáčknutou klobásu a bylinky.\r\nNaplňte žampiony připravenou směsí, posypte sýrem a naskládejte je na do pekáčku vymazaného máslem.\r\nČtvrt hodiny zapékejte.",
    "image": "recipe_images/plneny_zamp_rIS0zze.jpg",
    "main_mushroom": 10,
    "source": "https://www.apetitonline.cz/recept/plnene-zampiony",
    "rating": "0.0"
  }
},
{
  "model": "viewer.recipe",
  "pk": 10,
  "fields": {
    "user": 3,
    "title": "Smaženice z hlívy ústřičné na křupavé topince",
    "ingredients": "Suroviny na 2 kousky:\r\n2 hrsti hlívy ústřičné,\r\n½ cibule,\r\n2 vejce,\r\nčerstvá petrželka (nať),\r\n1 lžíce slunečnicového oleje (na smažení),\r\nNa topinku:\r\n2 plátky chleba (staršího),\r\n1 lžíce slunečnicového oleje (na smažení),",
    "instructions": "Na pánev nalijeme olej a necháme rozpálit. Přidáme na kostičky nakrájenou cibuli a orestujeme. Očištěnou hlívu nakrájíme na menší kousky, přidáme k cibulce a promícháme. Restujeme asi 4 minuty.\r\nPřidáme vajíčka, osolíme, opepříme, přidáme nasekanou petrželku. Vše promícháme a počkáme do ztuhnutí vajíček.\r\nSměs klademe na křupavou chlebovou topinku.",
    "image": "recipe_images/Smazenice-na-topince2_klY1ceD.jpg",
    "main_mushroom": 19,
    "source": "https://itesco.cz/hello/recepty/smazenice-z-hlivy-ustricne-na-krupave-topince/573618/",
    "rating": "0.0"
  }
},
{
  "model": "viewer.recipe",
  "pk": 25,
  "fields": {
    "user": 4,
    "title": "Španělské kuře s houbami",
    "ingredients": "kuřecí stehna 4 ks,\r\nvývar kuřecí 300 ml,\r\ncibule 2 ks,\r\npomerančová kůra nastrouhaná z jednoho pomeranče,\r\npomerančová šťáva ze dvou pomerančů,\r\nvíno dezertní 150 ml lze nahradit sherry,\r\nworcesterská omáčka 1 PL,\r\nžampiony 300 g na plátky,\r\nmouka pšeničná hladká 1 PL smíchat s trochou soli a pepře,\r\nolivový olej 3 PL,\r\npetrželka 2 PL nasekaná,\r\nsůl a pepř na dochucení",
    "instructions": "1. Ve velkém hrnci rozehřejte dvě lžíce oleje, vsypte cibuli a opékejte ji asi deset minut (dozlatova). Přesuňte na talíř.\r\n\r\n2. Stehna poprašte moukou s kořením, do hrnce vlijte zbytek oleje, rozehřejte ho a maso v něm stejnoměrně ze všech stran osmažte. Zalijte vývarem, přidejte cibuli i se šťávou, kterou pustila, pomerančovou kůru a šťávu, sherry a worcesterskou omáčku. Uveďte do varu, pak oheň zmírněte a asi 30–45 minut poduste, až je maso měkké.\r\n\r\n3. Vsypte houby a ještě pět minut duste. Těsně před podáváním posypte petrželkou. Jako příloha je ideální rýže.",
    "image": "recipe_images/spanel_kure_FTod44r.jpg",
    "main_mushroom": 10,
    "source": "Apetit online",
    "rating": "3.0"
  }
},
{
  "model": "viewer.recipe",
  "pk": 26,
  "fields": {
    "user": 4,
    "title": "Dršťková polévka z kotrče",
    "ingredients": "400 g kotrče (nebo hlívy),\r\n2 lžíce sádla,\r\n1 cibule,\r\n2 lžičky sladké mleté papriky,\r\n1 špetka mleté papriky pálivé,\r\n1,25 l vody,\r\n1-2 lžíce hladké mouky,\r\nmáslo,\r\n2-3 stroužky česneku,\r\nmajoránka,\r\nmletý pepř,\r\ndrcený kmín,\r\nsůl",
    "instructions": "1. Houbu důkladně očistíme a nakrájíme na větší nudličky.\r\n2. Na sádle zpěníme cibuli, zasypeme paprikou a přidáme houbu.\r\n3. Zalijeme horkou vodou a dusíme doměkka (asi 30 minut).\r\n4. Trochu zahustíme jíškou (měla by zůstat taková řidší).\r\n\r\nDochutíme kořením, česnekem a podle potřeby dosolíme.",
    "image": "recipe_images/Dršťková_polévka_z_kotrče_.jpg",
    "main_mushroom": 18,
    "source": "https://www.toprecepty.cz/recept/14522-drstkova-polevka-z-kotrce/",
    "rating": "0.0"
  }
},
{
  "model": "viewer.recipe",
  "pk": 27,
  "fields": {
    "user": 4,
    "title": "Klouzky na smetaně",
    "ingredients": "700 g klouzků,\r\n100 g cibule,\r\n150 g smetany - 30 %,\r\n100 g smetanového jogurtu - 10 %,\r\n2 cm silný plátek másla,\r\n2 lžíce vody,\r\nšpetka drceného kmínu,\r\nmletý pepř,\r\nsůl,\r\npetrželka,",
    "instructions": "Očištěné klouzky nakrájíme na 0,5 cm plátky. Cibuli nakrájíme nadrobno.\r\n\r\nJak jemně nakrájet cibuli\r\nDo kastrolu na rozpuštěné máslo dáme zesklovatět cibuli, přidáme kmín a necháme rozvonět.\r\nPřidáme klouzky, vodu, promícháme a přikryté pokličkou dusíme slabým varem 5 minut.\r\nPo této době, kdy klouzky pustí vodu, všechen obsah z kastrolu překlopíme do velké pánve a za stálého míchání necháme odpařit všechnu tekutinu.\r\nAž máme hotovo, opět klouzky přemístíme do kastrolu, zalijeme smetanou, mírně osolíme, opepříme a slabým varem vaříme 5 minut.\r\nPoté přidáme jogurt, promícháme, podle potřeby dochutíme a necháme prohřát.\r\nPodáváme s vařenými bramborami a sázenými nebo vařenými vejci.\r\nNa talíři vše posypeme nakrájenou petrželkou.",
    "image": "recipe_images/Klouzky_na_smetaně_.jpg",
    "main_mushroom": 33,
    "source": "https://www.toprecepty.cz/recept/69323-klouzky-na-smetane/",
    "rating": "4.5"
  }
},
{
  "model": "viewer.recipe",
  "pk": 28,
  "fields": {
    "user": 5,
    "title": "Houbové karbanátky s klouzky – Jednoduchý klouzek recept",
    "ingredients": "450 g mletého masa (já použila směs hovězího a vepřového masa),\r\n10 kousků klouzků (já přidala ještě hřiba strakoše),\r\n1 lžíci másla,\r\nbylinky čerstvý rozmarýn,\r\nkoření dle chuti sůl, pepř, drcený kmín, červená paprika,\r\ndle potřeby strouhanku,\r\nna smažení slunečnicový olej/ přepuštěné máslo nebo sádla,",
    "instructions": "Klouzky očistěte a nakrájejte na malé kousky.\r\nV pánvi rozehřejte máslo a klouzky na něm 8 minut poduste.\r\nMezitím si do mísy dejte mleté maso, vejce, koření, na jemno překrájený rozmarýn.\r\nPřidejte dušené houby i s případnou tekutinou. promíchejte a poté dle potřeby přidávejte strouhanku, která směs zahustí.\r\nVytvarujte placičky a dejte smažte z obou stran do zlatova.\r\nPodávejte s pečivem, vařeným bramborem nebo se salátem.",
    "image": "recipe_images/Houbové_karbanátky_s_klouzky__Jednoduchý_klouzek_recept.jpg",
    "main_mushroom": 33,
    "source": "https://www.houbickavkuchyni.cz/houbove-karbanatky-s-klouzky/",
    "rating": "0.0"
  }
},
{
  "model": "viewer.recipe",
  "pk": 29,
  "fields": {
    "user": 3,
    "title": "Krémová houbová polévka s klouzky",
    "ingredients": "8 ks klouzků,\r\n500 ml libovolného vývaru,\r\n1 červenou cibuli,\r\n1 šťastné vejce,\r\n2-3 lžíce krémového sýru Lučina,\r\n4 středně velké brambory,\r\n1 lžíce másla,\r\n3 bobkové listy,\r\n1 lžička drceného kmínu,\r\ndle chuti sůl, pepř, čerstvé bylinky pažitka, rozmarýn, oregano, kopr,",
    "instructions": "Do hlubšího hrnce dejte rozehřát máslo a přidejte na drobno nakrájenou cibuli.\r\n    Mezitím si nakrájejte očištěné (případně i oloupané) klouzky na tenké plátky nebo kousky. Přidejte je k cibuli, zasypte kmínem a nechte asi 2 minuty restovat.\r\nPřidejte na menší kostky nakrájené brambory a snítku oregana a dvě snítky rozmarýnu.\r\nZalijte vývarem a vařte do změknutí brambor.\r\nMezitím si připravte ztracené vejce. Malou misku vyložte potravinovou fólií, tu vytřete olejem a vyklepněte do ní vejce. Fólii zatočte do tvaru měšce a dejte vařit na 2,5 minuty do vody. Konec fóliového měšce uchyťte pokličkou, aby se celý nepotopil do vody.\r\nKdyž jsou brambory v polévce měkké, většinu hub vyndejte z polévky stranou a vylovte také pár kousků brambor. Nezapomeňte vyndat také snítky bylinek a všechen bobkový list.\r\nPodávejte posypané pažitkou a čerstvým koprem. Křupavý kousek chlebu by také neměl chybět.",
    "image": "recipe_images/Krémová_houbová_polévka_s_klouzky.jpg",
    "main_mushroom": 33,
    "source": "https://www.houbickavkuchyni.cz/kremova-houbova-polevka/",
    "rating": "4.4"
  }
},
{
  "model": "viewer.recipe",
  "pk": 30,
  "fields": {
    "user": 6,
    "title": "Hřib žlučník (hořčák) na slanině",
    "ingredients": "150 g slanina,\r\n3 ks\tvejce,\r\n1 ks\tcibule,\r\n150 g hřiby,\r\nsůl,",
    "instructions": "Hřiby nakrájíme na slabé plátky, asi 2 mm. Slaninu nakrájíme na kostičky - slaninou nešetříme. Cibuli oloupeme a nakrájíme nadrobno.\r\n\r\nSlaninu dáme zesklovatět, přidáme cibulku a houby. Dusíme na plotně nejméně 25 minut. NEOCHUTNÁVÁME!!!\r\n\r\nKdyž se přebytečná voda vysmahne, rozmícháme do hub na slanině ještě vejce. Můžeme podávat.\r\n\r\nSmaženice má nahořklou chuť, nebude chutnat každému.",
    "image": "recipe_images/Hřib_žlučník_hořčák_na_slanině.jpg",
    "main_mushroom": 3,
    "source": "https://www.vareni.cz/recepty/hrib-zlucnik-horcak-na-slanine/",
    "rating": "2.5"
  }
},
{
  "model": "viewer.recipe",
  "pk": 34,
  "fields": {
    "user": 4,
    "title": "Žampionové ragú s paprikovou smetanovou omáčkou",
    "ingredients": "200 g malých čerstvých žampionů,\r\n25 g slaniny,\r\n2 lžíce olivového oleje,\r\n50 g cibule,\r\n1 stroužek česneku,\r\nsůl (podle chuti),\r\nčerstvě mletý pepř,\r\n1 lžička sladké papriky (podle chuti pálivé),\r\n1 lžička oblíbené hořčice,\r\n1 lžička lahůdkové paprikové pasty,\r\n300 ml vývaru,\r\n100 ml smetany 30%,\r\n1 lžíce nasekané petrželky",
    "instructions": "Do hluboké rozehřáté pánve dáme slaninu nakrájenou na kostičky a necháme pustit tuk. Přidáme 1 lžíci olivového oleje a cibuli nasekanou na kostičky. Restujeme dozlatova cca 4-5 minut.\r\nPřidáme očištěné žampiony překrájené na poloviny, dle potřeby dáme ještě 1 lžíci oleje a restujeme další 3 minuty. Přidáme nadrobno nasekaný česnek, papriky, promícháme a podlijeme 1/3 vývaru.\r\nPřivedeme k varu a snížíme stupeň tepla. Za stálého míchání necháme vydusit na tuk, opět podlijeme a mícháme. Cibule zahustila sos, přilijeme zbylý vývar, smetanu smíchanou s hořčicí a přidáme paprikovou pastu.\r\nVše promícháváme a krátce necháme zredukovat na potřebnou hustotu. Odstavíme a vmícháme nasekanou petrželku. Podáváme s rýží nebo těstovinami jako samostatný pokrm nebo přílohu k dušenému masu.",
    "image": "recipe_images/Žampionové_ragú_s_paprikovou_.jpg",
    "main_mushroom": 10,
    "source": "https://www.toprecepty.cz/recept/75242-zampionove-ragu-s-paprikovou-smetanovou-omackou/",
    "rating": "5.0"
  }
},
{
  "model": "viewer.recipe",
  "pk": 35,
  "fields": {
    "user": 6,
    "title": "Žampiony s česnekovým bokem a vejci dušené v pánvi",
    "ingredients": "6 větších žampionů,\r\n12 plátků česnekového boku,\r\n6 vajec,\r\nmletý pepř,\r\nsůl,\r\n1 cm silný plátek másla,\r\n2 lžíce oleje,\r\n2 stroužky česneku,\r\n1 menší cibuli,\r\n1 menší mrkev,\r\n1 tenký plátek celeru,\r\n1 malá větvička rozmarýnu,\r\nsůl,\r\nvoda na podlití,\r\n1 plátek másla (na zjemnění),\r\nzelené bylinky (na posypání)",
    "instructions": "Žampiony očistíme, odkrojíme nožky a vnitřky vydlabeme nejlépe pomocí lžičky. Nožky nakrájíme na plátky a vydlabané vnitřky nasekáme nadrobno.\r\nMrkev a celer nastrouháme na hrubém struhadle.\r\nCibuli oloupeme a nakrájíme nadrobno, stroužky česneku oloupeme a nakrájíme na tenké plátky. Obojí dáme do velké pánve na rozehřátý tuk restovat do sklovita.\r\nPoté přidáme mrkev s celerem a nožky a vnitřky žampionů. Osolíme, přidáme na menší kousky natrhaný rozmarýn a malinko orestujeme.\r\nOrestovanou směs malinko podlijeme a poklademe osolenými žampionovými kloboučky. Přiklopíme pokličkou a 5 minut podusíme.\r\nOdstavíme ze sporáku, do každého kloboučku dáme na stojato do dvou plátcích česnekového boku, který proti rozevření zajistíme párátkem.\r\nDo každého kloboučku velice opatrně vyklepneme vajíčko, lehce opepříme a osolíme. Pánev na sporáku opět přiklopíme pokličkou a slabým varem dusíme cca 10 minut do zatažení vajec. V polovině přidáme ještě trochu vody a plátek másla na zjemnění.\r\nPodáváme s čerstvým pečivem nebo přílohou podle chuti.",
    "image": "recipe_images/Žampiony_s_česnekovým_bokem_a_vejci_dušené_v_pánvi_.jpg",
    "main_mushroom": 10,
    "source": "https://www.toprecepty.cz/recept/74592-zampiony-s-cesnekovym-bokem-a-vejci-dusene-v-panvi/",
    "rating": "2.0"
  }
},
{
  "model": "viewer.rating",
  "pk": 1,
  "fields": {
    "recipe": 8,
    "user": 4,
    "hodnoceni": 2
  }
},
{
  "model": "viewer.rating",
  "pk": 2,
  "fields": {
    "recipe": 8,
    "user": 4,
    "hodnoceni": 1
  }
},
{
  "model": "viewer.rating",
  "pk": 3,
  "fields": {
    "recipe": 8,
    "user": 4,
    "hodnoceni": 1
  }
},
{
  "model": "viewer.rating",
  "pk": 4,
  "fields": {
    "recipe": 8,
    "user": 4,
    "hodnoceni": 1
  }
},
{
  "model": "viewer.rating",
  "pk": 5,
  "fields": {
    "recipe": 8,
    "user": 4,
    "hodnoceni": 2
  }
},
{
  "model": "viewer.rating",
  "pk": 6,
  "fields": {
    "recipe": 8,
    "user": 4,
    "hodnoceni": 4
  }
},
{
  "model": "viewer.rating",
  "pk": 7,
  "fields": {
    "recipe": 8,
    "user": 4,
    "hodnoceni": 5
  }
},
{
  "model": "viewer.rating",
  "pk": 8,
  "fields": {
    "recipe": 8,
    "user": 3,
    "hodnoceni": 5
  }
},
{
  "model": "viewer.rating",
  "pk": 9,
  "fields": {
    "recipe": 5,
    "user": 4,
    "hodnoceni": 3
  }
},
{
  "model": "viewer.rating",
  "pk": 10,
  "fields": {
    "recipe": 5,
    "user": 4,
    "hodnoceni": 1
  }
},
{
  "model": "viewer.rating",
  "pk": 11,
  "fields": {
    "recipe": 1,
    "user": 4,
    "hodnoceni": 3
  }
},
{
  "model": "viewer.rating",
  "pk": 12,
  "fields": {
    "recipe": 1,
    "user": 4,
    "hodnoceni": 5
  }
},
{
  "model": "viewer.rating",
  "pk": 13,
  "fields": {
    "recipe": 4,
    "user": 4,
    "hodnoceni": 5
  }
},
{
  "model": "viewer.rating",
  "pk": 14,
  "fields": {
    "recipe": 7,
    "user": 4,
    "hodnoceni": 5
  }
},
{
  "model": "viewer.rating",
  "pk": 15,
  "fields": {
    "recipe": 4,
    "user": 3,
    "hodnoceni": 5
  }
},
{
  "model": "viewer.rating",
  "pk": 16,
  "fields": {
    "recipe": 25,
    "user": 3,
    "hodnoceni": 3
  }
},
{
  "model": "viewer.rating",
  "pk": 17,
  "fields": {
    "recipe": 26,
    "user": 3,
    "hodnoceni": 5
  }
},
{
  "model": "viewer.rating",
  "pk": 18,
  "fields": {
    "recipe": 9,
    "user": 3,
    "hodnoceni": 5
  }
},
{
  "model": "viewer.rating",
  "pk": 19,
  "fields": {
    "recipe": 5,
    "user": 3,
    "hodnoceni": 5
  }
},
{
  "model": "viewer.rating",
  "pk": 20,
  "fields": {
    "recipe": 8,
    "user": 6,
    "hodnoceni": 1
  }
},
{
  "model": "viewer.rating",
  "pk": 21,
  "fields": {
    "recipe": 5,
    "user": 6,
    "hodnoceni": 3
  }
},
{
  "model": "viewer.rating",
  "pk": 22,
  "fields": {
    "recipe": 7,
    "user": 6,
    "hodnoceni": 4
  }
},
{
  "model": "viewer.rating",
  "pk": 23,
  "fields": {
    "recipe": 4,
    "user": 6,
    "hodnoceni": 3
  }
},
{
  "model": "viewer.rating",
  "pk": 24,
  "fields": {
    "recipe": 2,
    "user": 6,
    "hodnoceni": 2
  }
},
{
  "model": "viewer.tip",
  "pk": 1,
  "fields": {
    "user": 2,
    "title": "Co si vzít na houby?",
    "content": "Houbařské vybavení: Jak se na sběr hub vybavit?\r\n\r\nHoubařská výbava, co si sebou vzít na houby? Budete potřebovat košík na houby, nůž na houby, pití, repelent proti klíšťatům a samozřejmě znalosti o houbách. Pozor na otravu houbami!\r\nKošík na houby: Základ každého houbaře\r\n\r\nAť si říká kdo chce co chce, správný houbař se prostě bez košíku neobejde. Košík na houby však neslouží pouze pro efekt, ale má také praktické využití. Díky dírkám v jednotlivých vrstvách košíku mohou houby „dýchat“ a nezapařují se. Naproti tomu igelitkám a různým mikrotenovým sáčkům se obloukem vyhněte. Takto uchované houby by vám totiž vůbec nemusely udělat dobře, i když jsou zaručeně jedlé. Vyzkoušejte například nádherný proutěný košík 40x25x17 cm, do kterého se vám jistě vejdou všechny vaše úlovky.\r\n\r\nJestliže košík zrovna nemáte, zkusit můžete síťovku nebo vlastní tričko, jehož porézní struktura dává houbám alespoň trochu čerstvého vzduchu.\r\n\r\nPokud vyrážíte na houbaření i s dětmi, můžete si vybrat i dětský košík na houby.\r\n\r\nNepodceňujte přípravu – atlas hub\r\n\r\nV Čechách je sběr hub velice oblíbený a ve svém okolí jistě narazíte alespoň na jednoho člověka, který si této kratochvíle pravidelně užívá. Jestliže jste ale houbařem-amatérem a neznáte nikoho, kdo by vám osvětlil, které houby jsou jedlé a chutné, zkuste si o nich nejdříve vše potřebné načíst. Otrava z hub je minimálně velice nepříjemnou záležitostí, avšak v extrémních případech může končit až smrtí.\r\n\r\nSkvělým pomocníkem se vám při sběru tak může stát například Kapesní atlas hub od mykologa Miroslava Smotlachy, jenž vám pomůže bezpečně poznat každou houbu a hříbek, na který narazíte.\r\n\r\n\r\nKromě košíku by každý houbař měl mít u sebe i správný houbařský nožík. Ten slouží pro šetrné odříznutí houby ze země a jejímu základnímu očištění. Profesionální houbařské nože mají dokonce rukojeť zakončenou štětečkem, kterým můžete houby očistit od zbytku hlíny a mechu a usnadnit si tak práci.\r\n\r\nZkusit můžete například praktický houbařský nůž KIK KX7581 se 70 mm dlouhou čepelí, jenž se vám snadno vleze do kapsy a při sběru hub se stane vašim nejvěrnějším pomocníkem.\r\nHoubařské nože: Nejlepší houbařské nože\r\n\r\nPozor na klíšťata\r\n\r\nI při sběru hub byste měli myslet na své bezpečí. Lesy a louky jsou totiž obvykle plné klíšťat a některá z nich mohou přenášet závažná onemocnění jako je klíšťová encefalitida nebo lymská borelióza. Vždy tedy před vstupem do něj pro jistotu použijte repelent, jenž by vás měl před jejich útoky ochránit. Vyzkoušejte například Arpalit Bio repelent, který je velice účinný proti klíšťatům i proti bodavému hmyzu.\r\n\r\nMyslete na pitný režim\r\n\r\nStejně jako houby milují vláhu miluje přísun tekutin také lidské tělo. Pokud se tedy vydáváte do lesa na delší čas, vždy u sebe noste láhev s vodou. Chcete-li mít jistotu, že je její obsah vždy čistý, pořiďte si láhev Noaton Naturaq na 600 ml tekutin, jež jej čistí pomocí UV světla a zabíjí tak téměř 100 % bakterií a virů.\r\n\r\nDo lesa pouze v kvalitním oblečení a obutí – oblečení do lesa\r\n\r\nNezapomínejte, že i sběr hub je ve své podstatě outdoorovou aktivitou a jako na takovou je na něj třeba pohlížet. Samozřejmostí by mělo být kvalitní obutí, do kterého v lesním vlhku neteče a pohodlně v něm zvládnete i velice náročný terén. Bez obav tak můžete sáhnout například po outdoorových unisex botách Howson, které odolají vás na cestě za pořádným houbovým úlovkem provedou i tím nejtemnějším lesem.\r\n\r\nDalším veledůležitým prvkem jsou kalhoty, které chrání vaše nohy před nepříjemnými trny a bodláky, na něž v lese nepochybně narazíte. Nejlepší volbou jsou plátěné kalhoty, které nesají vlhkost a zároveň jsou velice vzdušné, takže se v nich budete po celou dobu túry cítit maximálně pohodlně. Vyzkoušejte například kalhoty MMB US BDU, jež vás nikdy nenechají ve štychu.\r\n\r\nStaré skautské heslo praví: „vždy připraven“. Toto heslo samozřejmě platí i na houbách a vždy byste proto měli myslet na to, že je počasí velice nevypočitatelné a může se změnit prakticky z minuty na minutu. Rozhodně proto neuděláte chybu, když si s sebou sbalíte také pláštěnku a domů si odnesete pouze plný košík, nikoli nepříjemně promočené oblečení. My vám můžeme doporučit třeba pláštěnku Viola Pelerína, jež vás před nepřízní počasí ochrání za každé situace.",
    "image": "recipe_images/houbařské_vybavení_1IM2sNv.jpg"
  }
},
{
  "model": "viewer.tip",
  "pk": 2,
  "fields": {
    "user": 5,
    "title": "Kdy rostou houby, jak dlouho trvá houbařská sezóna?",
    "content": "Houby můžete sbírat celoročně\r\n\r\nZáleží vždy na tom, kde zrovna po České republice zavítáte do lesa či jaký druh hub hodláte hledat. Ale samozřejmě nejvydatnější sklizně a úlovky si odnesete během houbařské sezóny. Houbařská sezóna je velmi závislá na tom, jaké je počasí. Tedy zda prší a jsou teploty vhodné pro růst hub.\r\nKdy začíná houbařská sezóna?\r\n\r\nZe statistik a údajů portálu NaHouby.cz lze snadno říci, že téměř s jistotou první sezónní houbaři vyrážejí do lesa v průběhu června. Podle počasí se některé roky vede v květnu, jindy třeba až v srpnu! Snadno lze ale říci, že houbařská sezóna trvá od června.\r\nDo kdy houby rostou?\r\n\r\nAktuální trendy z předchozích let se téměř vždy shodují. Poslední větší zájem o sběr hub přichází na přelomu října a listopadu. Jako u začátku, tak i na konci houbařské sezóny lze sledovat rozpětí s výkyvy. Někdy skončí sezóna na začátku října, jindy v polovině listopadu. Houby rostou do přelomu měsíců říjen a listopad.\r\nKdy nejčastěji rostou houby?\r\n\r\nUž víme, že do lesa můžeme od května do listopadu s tím, že největší šanci na sbírání hub máme od června do října. Kdy ale rostou houby nejvíce? Pokud budete aktuálně v lesích a momentálně sbírat houby, tak nejčastěji na houby narazíte v září. To je už dlouho let nejsilnější měsíc z celého roku.\r\nJaké faktory ovlivňují růst hub?\r\n\r\nRůst hub je ovlivněn několika faktory, přičemž nejdůležitějšími jsou vlhkost a teplota. Pravidelné srážky a mírné teploty poskytují ideální podmínky pro růst mnoha druhů hub. Naopak dlouhá sucha nebo extrémně chladné počasí mohou růst hub výrazně omezit. Významným faktorem je také druh půdy a přítomnost konkrétních stromů a rostlin, které tvoří symbiotické vztahy s myceliem hub.",
    "image": "recipe_images/kdy_rostou.jpg"
  }
},
{
  "model": "viewer.tip",
  "pk": 3,
  "fields": {
    "user": 3,
    "title": "Tipy pro úspěšné houbaření",
    "content": "Sledujte počasí:\r\n        Po deštivých dnech je větší šance najít houby, protože vlhkost podporuje růst mycelia.\r\n        Ranní hodiny po dešti jsou ideální, protože houby jsou čerstvé a méně napadené hmyzem.\r\n        Sledujte předpověď počasí, abyste věděli, kdy očekávat srážky a vhodné teploty.\r\n        Pravidelné procházky po deštivých dnech mohou zvýšit šance na úspěch.\r\n        Buďte připraveni na rychlé změny počasí a vybavte se vhodným oblečením.\r\n\r\n    Znáte své lokality:\r\n        Vyhledávejte lesy s bohatou vegetací a rozmanitým ekosystémem, které podporují růst různých druhů hub.\r\n        Učte se z místních zkušeností a tradic, kde se houby běžně nacházejí.\r\n        Zaznamenávejte si svá naleziště a vracejte se na osvědčená místa.\r\n        Pamatujte si, že některé druhy hub preferují určité typy stromů, například borovice nebo duby.\r\n        Nebojte se prozkoumávat nové oblasti, ale vždy dbejte na ochranu přírody a respektování soukromého majetku.\r\n\r\n    Buďte trpěliví a pečliví:\r\n        Houby mohou být dobře ukryté pod listím nebo mechem, takže je potřeba pečlivě prohledávat okolí.\r\n        Trpělivost je klíčová, ne vždy najdete houby hned na první pokus.\r\n        Používejte hůlku nebo tyčinku k jemnému prohrabávání listí a podrostu.\r\n        Buďte opatrní, abyste nepoškodili houby nebo mycelium, což může ovlivnit budoucí růst.\r\n        Fotografování a zaznamenávání nálezů může pomoci v identifikaci a učení se o různých druzích hub.\r\n\r\n    Respektujte přírodu:\r\n        Sbírejte jen tolik hub, kolik opravdu potřebujete, a neberte všechny nalezené exempláře.\r\n        Nezanechávejte v lese odpadky a starejte se o čistotu svého okolí.\r\n        Vždy se ujistěte, že sbíráte jedlé houby a vyhněte se sbírání chráněných nebo ohrožených druhů.\r\n        Dodržujte místní pravidla a předpisy týkající se sběru hub.\r\n        Uvědomte si, že les je domovem mnoha živočichů a rostlin, a chovejte se k němu s úctou a ohleduplností.",
    "image": "recipe_images/mushroom_pickers.jpg"
  }
},
{
  "model": "viewer.tip",
  "pk": 4,
  "fields": {
    "user": 1,
    "title": "5 nejčastějších chyb při sběru hub",
    "content": "rád nehoubařil? Vidina smaženic, masa na houbách nebo sušených hub na zimu mnohé z nás vytáhne do lesů. Neděláte však časté chyby, které potkávají i zkušené houbaře?\r\nAž se zase vydáte do hloubi lesa, vyvarujte se následujících chyb. Můžete tím ochránit nejen své zdraví, ale také předejít narušení příští sezóny hub. A pokud si v lese nevěříte, je tu jiná možnost, jak si lze pochutnat na houbách - můžete si je vypěstovat doma, a to díky dostupným substrátům s podhoubím.\r\nZáměna jedlých hub za jedovaté\r\nPokud si nejste stoprocentně jistí, že víte, jakou houbu jste našli, nesbírejte ji. Nejčastější otravy jsou evidovány muchomůrkou tygrovanou, lehce zaměnitelnou za bedlu vysokou. Proto mějte na paměti hlavní pravidlo houbaření: sbírejte pouze ty houby, které bezpečně poznáte. Pokud si nejste jistí, raději ji nechejte v lese. V případě, že houbu vezmete a máte v rodině či mezi přáteli znalejšího houbaře, napřed mu ji ukažte, než ji zpracujete. Také lze navštívit nejbližší mykologické centrum pro její určení, určitě se nespoléhejte pouze na atlas hub či na rady v internetových fórech.\r\n\r\nTip: Své úlovky si foťte. V případě následných problémů či otravy budete mít fotografii toho, co jste pozřeli. Může to být stěžejní informací pro lékaře. Fotografie houby před zpracováním by tak měla být samozřejmostí nejen u nezkušených houbařů.\r\n\r\nNičení podhoubí\r\nNašli jste krásný hříbek, logicky tedy začnete hledat v jeho okolí další. A zde nastává problém. Dupání a šlapání v jeho okolí má největší vliv na budoucí množství hub, ničíte tím podhoubí a snižujete výskyt plodnic. Buďte proto opatrní, abyste nepoškodili příští úrodu.\r\n\r\nSběr příliš maličkých hub\r\nMalá houba není zcela vyvinutá a díky tomu můžete lehce přehlédnout znaky, které by vás jinak od jejího sběru odradily. Proto raději sbírejte již vzrostlejší houby, u kterých jsou viditelné všechny potřebné znaky toho, že je opravdu jedlá.\r\n\r\nNesprávné skladování hub\r\nAč se to nemusí zdát, špatné skladování hub je velmi nebezpečné. Může vyvolat zažívací problémy, především průjem a zvracení. Nasbírané houby jsou určené k okamžitému zpracování. Pokud daný den nemáte možnost je zpracovat, zabalte je do vlhké utěrky a uložte je do lednice.\r\nTip: Do lesa si s sebou vždy berte nejlépe proutěný košík, případně plátěnou tašku, nikdy nesbírejte houby do igelitových tašek si sáčků. Houby se v nich zapaří, začnou se kazit a nemusí vám po nich být zrovna nejlépe.\r\n\r\nNedostatečná úprava\r\nStejně jako nesprávné skladování hub, i jejich nedostatečná úprava může vyvolat trávící potíže. Houby musí být řádně tepelně či jinak upraveny, nikdy je nejezte syrové. Zpracovat je můžete na mnoho způsobů – smaženice, do omáček a polévek, ale také je možné je usušit, zamrazit či naložit.\r\n\r\nVěříme, že jsme vám alespoň trochu pomohli v tom, jak se vyvarovat chyb při houbaření a přejeme příjemné návštěvy lesa se skvělými úlovky. Jednu z možností, jak zpracovat houby, vám ukáže následující video-recept na přípravu vepřového na houbách, letní a podzimní delikatesu. Dobrou chuť.",
    "image": "recipe_images/houba_5_nejcastejsich_chyby.jpg"
  }
},
{
  "model": "viewer.tip",
  "pk": 5,
  "fields": {
    "user": 2,
    "title": "Jak vyhnat červy z hub - jednoduchý trik",
    "content": "Houbaření je dnes v plném proudu a většina lidí, kteří se rozhodnou zajít do lesa pro kousek večeře, přemýšlí nad tím, jak si práci s houbami co nejvíce usnadnit. Už v lese je totiž můžete očistit od listí a dalších nečistot, ale bude nutné se také podívat, jestli v houbách nejsou červi. To zjistíte jedině tak, že houbu rozkrojíte. Jestli to děláte až doma, může vás čekat nemilé překvapení. My vám ale ukážeme, jak se červů zbavit, abyste si houby mohli v klidu vychutnat.\r\n\r\nJaké suroviny budete potřebovat?\r\nČeský národ miluje houbaření. Každý rok tím tak ušetří spoustu peněz. Houby se dají nejen zamrazit nebo nasušit, ale můžete si z nich udělat skvělou houbovou omáčku, řízky obalované v trojobale nebo smaženici. Ne každý ale houby miluje. Pokud jste vášnivým houbařem, určitě budete vědět, které houby sbírat a jak je čistit. Červi se mohou objevit uvnitř houby, ale je zapotřebí vědět, jak se jich zbavit, pokud budete chtít houby konzumovat.\r\n\r\nK odstranění červů vám přitom budou stačit pouze dvě suroviny, které určitě najdete doma v kuchyni. Chuť hub se tím, že v nich najdete červy, nezmění. Procházky v lese navíc skvěle působí na naši psychickou pohodu, a pokud ještě domů přinesete kousek jídla, rodina vás bude milovat. Rychlým způsobem se pak můžete červů zbavit. Zkuste pouze vodu a sůl.\r\n\r\nJak tato metoda funguje?\r\nJestliže nechcete prohlížet každou houbu zvlášť a zjišťovat, jestli v ní náhodou nejsou nějací červi, máme pro vás skvělý tip. Hodit se vám bude obyčejná kuchyňská sůl a také voda. Houby nasypte do mísy, zalijte je vodou a přidejte trochu soli. Houby by ve vodě měly zůstat několik desítek minut. Že je na čase je vyndat, poznáte podle toho, že červi budou sami vylézat z klobouků.\r\n\r\nPo této době houby důkladně umyjte, osušte a mísu, ve které byly namočené houby, zbavte červů, abyste je nenašli poté někde doma. Je to velmi jednoduchý způsob, jak se jich zbavit, zároveň vás tato metoda nebude okrádat o drahocenný čas. A houby si pak můžete vychutnat nejen v podobě řízků, ale také naložené.",
    "image": "recipe_images/houba_cerv.jpg"
  }
},
{
  "model": "viewer.tip",
  "pk": 6,
  "fields": {
    "user": null,
    "title": "Zkouška přidání tipů",
    "content": "akdfjadjf loajdfklajdflkja lkjadlkfjadlkjf",
    "image": ""
  }
},
{
  "model": "viewer.comment",
  "pk": 1,
  "fields": {
    "user": 3,
    "finding": 17,
    "text": "Čerstvý nález na louce, ideální do polévky. Byla obklopena jinými jedlými houbami. Plánujeme ji použít v našem oblíbeném receptu.",
    "created_at": "2024-07-08T11:02:39.588Z",
    "new": false
  }
},
{
  "model": "viewer.comment",
  "pk": 2,
  "fields": {
    "user": 2,
    "finding": 16,
    "text": "Našli jsme ho na mrtvém stromě, vypadá velmi zajímavě. Tento nález byl skutečně nezapomenutelný.",
    "created_at": "2024-07-08T11:14:21.037Z",
    "new": false
  }
},
{
  "model": "viewer.comment",
  "pk": 3,
  "fields": {
    "user": 4,
    "finding": 15,
    "text": "Krásná houba s výraznými barvami. Obdivovali jsme její vzhled, ale věděli jsme, že je velmi jedovatá. Fotografovali jsme ji, abychom zachytili její krásu.",
    "created_at": "2024-07-08T11:15:11.159Z",
    "new": false
  }
},
{
  "model": "viewer.comment",
  "pk": 4,
  "fields": {
    "user": 5,
    "finding": 14,
    "text": "Rostla pod stromem zajímavý nález. Byla to jediná houba svého druhu v okolí. Vypadala velmi zdravě a byla fascinující na pohled. Je důležité si uvědomit, že tato houba je velmi jedovatá, a proto jsme se jí nedotýkali a pouze ji obdivovali z dálky.",
    "created_at": "2024-07-08T11:16:56.598Z",
    "new": false
  }
},
{
  "model": "viewer.comment",
  "pk": 5,
  "fields": {
    "user": 4,
    "finding": 13,
    "text": "Lahodná houba, rostla na okraji lesa. Byla to skvělá odměna po dlouhém hledání.",
    "created_at": "2024-07-08T11:17:37.977Z",
    "new": false
  }
},
{
  "model": "viewer.comment",
  "pk": 6,
  "fields": {
    "user": 3,
    "finding": 12,
    "text": "Lahodná houba, rostla na okraji lesa. Byla to skvělá odměna po dlouhém hledání. Plánujeme ji použít v několika našich oblíbených receptech.",
    "created_at": "2024-07-08T11:18:12.343Z",
    "new": false
  }
},
{
  "model": "viewer.comment",
  "pk": 7,
  "fields": {
    "user": 3,
    "finding": 11,
    "text": "Objevena na borovém pařezu. Byla obklopena jinými menšími houbami, které jsme také sbírali. Tento nález byl skutečně nezapomenutelný.",
    "created_at": "2024-07-08T11:19:16.046Z",
    "new": false
  }
},
{
  "model": "viewer.comment",
  "pk": 8,
  "fields": {
    "user": 1,
    "finding": 10,
    "text": "Rostl v mechu, velmi vzácná houba. Byl to úžasný nález, který nás všechny kdo byli se mnou potěšil.",
    "created_at": "2024-07-08T11:19:50.016Z",
    "new": false
  }
},
{
  "model": "viewer.comment",
  "pk": 9,
  "fields": {
    "user": 6,
    "finding": 9,
    "text": "Nevhodné k jídlu, ale krásný nález. Přesto jsme si užili její objevování a focení. Vypadala velmi zajímavě a byla skvělým příkladem přírodní krásy.",
    "created_at": "2024-07-08T11:20:31.983Z",
    "new": false
  }
},
{
  "model": "viewer.comment",
  "pk": 10,
  "fields": {
    "user": 6,
    "finding": 8,
    "text": "Hřib nalezen pod smrky. Byl to největší hřib, jaký jsme kdy viděli. Jeho velikost nás opravdu ohromila a těšíme se na jeho využití v kuchyni.",
    "created_at": "2024-07-08T11:26:36.141Z",
    "new": false
  }
},
{
  "model": "viewer.comment",
  "pk": 11,
  "fields": {
    "user": 5,
    "finding": 7,
    "text": "Našli jsme ji u potoka, nádherný klobouk. Byl to velmi vzácný nález, který nás všechny nadchl. Okolí potoka bylo plné života a dalších hub.",
    "created_at": "2024-07-08T11:27:04.095Z",
    "new": false
  }
},
{
  "model": "viewer.comment",
  "pk": 12,
  "fields": {
    "user": 5,
    "finding": 6,
    "text": "Rostla hojně v borovém lese, chutný nález. Bylo jich tam několik a všechny vypadaly velmi čerstvě. Plánujeme je použít v několika receptech.",
    "created_at": "2024-07-08T11:30:13.756Z",
    "new": false
  }
},
{
  "model": "viewer.comment",
  "pk": 13,
  "fields": {
    "user": 5,
    "finding": 6,
    "text": "Voněla jemně, nalezeno v listnatém lese. Byla obklopena spadaným listím, což ji dělalo těžko viditelnou. Byla to skvělá odměna za naše úsilí.",
    "created_at": "2024-07-08T11:33:10.715Z",
    "new": false
  }
},
{
  "model": "viewer.comment",
  "pk": 14,
  "fields": {
    "user": 5,
    "finding": 5,
    "text": "Holubinka nazelenalá je jedlá houba, známá svou zelenou barvou a pevnou strukturou. Často roste v borových lesích.",
    "created_at": "2024-07-08T11:35:37.065Z",
    "new": false
  }
},
{
  "model": "viewer.comment",
  "pk": 15,
  "fields": {
    "user": 6,
    "finding": 4,
    "text": "Objeveno během procházky lesem, nádherná barva. Byla to příjemná náhoda, protože jsme ji nečekali. V okolí jsme našli několik dalších jedlých hub.",
    "created_at": "2024-07-08T11:36:18.668Z",
    "new": false
  }
},
{
  "model": "viewer.comment",
  "pk": 16,
  "fields": {
    "user": 4,
    "finding": 3,
    "text": "Rostla na spadlém kmenu na okraji lesa, zajímavý nález.",
    "created_at": "2024-07-08T11:38:00.970Z",
    "new": false
  }
},
{
  "model": "viewer.comment",
  "pk": 17,
  "fields": {
    "user": 2,
    "finding": 2,
    "text": "Našli jsme tuto houbu na vlhkém kmeni stromu.",
    "created_at": "2024-07-08T11:38:31.182Z",
    "new": false
  }
},
{
  "model": "viewer.comment",
  "pk": 18,
  "fields": {
    "user": 1,
    "finding": 1,
    "text": "Nalezeno na okraji lesa, krásný exemplář. Roste v trávě mezi stromy a má nádherný klobouk. Při sběru jsme objevili i další jedlé houby v okolí.",
    "created_at": "2024-07-08T11:39:06.344Z",
    "new": false
  }
},
{
  "model": "viewer.comment",
  "pk": 19,
  "fields": {
    "user": 2,
    "finding": 18,
    "text": "Byla to jediná houba svého druhu v okolí. Vypadala velmi zdravě a byla fascinující na pohled.",
    "created_at": "2024-07-08T11:55:16.560Z",
    "new": false
  }
},
{
  "model": "viewer.comment",
  "pk": 20,
  "fields": {
    "user": 4,
    "finding": 5,
    "text": "Až v německu joo?",
    "created_at": "2024-07-08T16:59:18.775Z",
    "new": true
  }
},
{
  "model": "viewer.comment",
  "pk": 21,
  "fields": {
    "user": 4,
    "finding": 3,
    "text": "A jste našli vy?",
    "created_at": "2024-07-08T17:17:50.438Z",
    "new": false
  }
},
{
  "model": "viewer.comment",
  "pk": 22,
  "fields": {
    "user": 2,
    "finding": 11,
    "text": "Úžasný nález, MushrooomHunter! Lišky obecné jsou skvělou pochoutkou do mnoha jídel. Rád bych věděl, jestli jsi je již použil/a v nějakém receptu? Už se těším, až narazím na vlastní.",
    "created_at": "2024-07-09T20:47:41.426Z",
    "new": true
  }
},
{
  "model": "viewer.comment",
  "pk": 23,
  "fields": {
    "user": 4,
    "finding": 11,
    "text": "Skvělá fotka a nález! Liška obecná je jednou z mých oblíbených hub. Je skvělé vidět, že jste našli i další houby kolem. Kde přesně jste to našli? Rád bych navštívil podobné místo.",
    "created_at": "2024-07-09T20:50:16.159Z",
    "new": true
  }
},
{
  "model": "viewer.comment",
  "pk": 24,
  "fields": {
    "user": 5,
    "finding": 15,
    "text": "Nádherný nález! Muchomůrka červená je opravdu krásná houba, i když jedovatá. Moc se mi líbí, jak jste zachytili její barvy. Příroda je opravdu fascinující.",
    "created_at": "2024-07-09T20:51:55.275Z",
    "new": false
  }
},
{
  "model": "viewer.comment",
  "pk": 25,
  "fields": {
    "user": 9,
    "finding": 18,
    "text": "Úžasná fotka! Je úžasné, jak příroda dokáže vytvořit takové krásné, ale zároveň nebezpečné houby. Děkuji za sdílení, určitě budu opatrnější při svých vlastních toulkách lesem.",
    "created_at": "2024-07-09T20:59:14.457Z",
    "new": true
  }
},
{
  "model": "viewer.comment",
  "pk": 26,
  "fields": {
    "user": 4,
    "finding": 15,
    "text": "Jen bych ji asi nejedla...",
    "created_at": "2024-07-10T17:17:16.700Z",
    "new": true
  }
},
{
  "model": "viewer.commentrecipe",
  "pk": 1,
  "fields": {
    "user": 1,
    "recipe": 8,
    "text": "Testovací komentář",
    "image": "",
    "created_at": "2024-07-14T08:10:00Z",
    "new": true
  }
},
{
  "model": "viewer.commentrecipe",
  "pk": 2,
  "fields": {
    "user": 4,
    "recipe": 2,
    "text": "Docela dobre",
    "image": "",
    "created_at": "2024-07-16T09:15:18.985Z",
    "new": true
  }
},
{
  "model": "viewer.commentrecipe",
  "pk": 3,
  "fields": {
    "user": 4,
    "recipe": 2,
    "text": "I vlk si pochutnal",
    "image": "comments_images/426829731_830267439142305_2530255948343464864_n.png",
    "created_at": "2024-07-16T09:15:33.518Z",
    "new": true
  }
},
{
  "model": "viewer.commentrecipe",
  "pk": 4,
  "fields": {
    "user": 4,
    "recipe": 7,
    "text": "Zajimave...urcite zkusim",
    "image": "",
    "created_at": "2024-07-18T09:00:19.949Z",
    "new": false
  }
},
{
  "model": "accounts.profile",
  "pk": 1,
  "fields": {
    "user": 4,
    "biography": "Jmenuji se Jan Novák, ale na serveru o houbách mě znáte jako ForestExplorer. Miluji trávit čas v lese a objevovat nové druhy hub. Zvláště mě fascinují jedlé houby, které sbírám už více než 10 let. Rád sdílím své znalosti s ostatními a pomáhám jim poznávat krásy přírody.",
    "profile_picture": "profile_pictures/a5.jpg"
  }
},
{
  "model": "accounts.profile",
  "pk": 2,
  "fields": {
    "user": 7,
    "biography": "Ahoj, jsem Alena Králová, na internetu známá jako FungiFreak. Houby mě fascinují už od dětství, kdy jsem s dědou chodila do lesa. Nejvíc mě baví objevovat vzácné druhy a fotit je. Ráda se učím nové věci a sdílím své objevy s ostatními houbaři.",
    "profile_picture": "profile_pictures/a1.jpg"
  }
},
{
  "model": "accounts.profile",
  "pk": 3,
  "fields": {
    "user": 2,
    "biography": "Jsem Pavel Černý, na serveru vystupuji jako MushroomHunter. Houby jsou mou vášní už mnoho let. Nejvíce mě zajímají léčivé houby a jejich využití v tradiční medicíně. Procházení lesů a hledání těchto přírodních pokladů mě naplňuje a rád své zkušenosti předávám dál.",
    "profile_picture": "profile_pictures/a2.jpg"
  }
},
{
  "model": "accounts.profile",
  "pk": 4,
  "fields": {
    "user": 6,
    "biography": "Jsem Kateřina Kučerová, ale všichni mě znáte jako MycoFanatic. Houby mě uchvátily svou rozmanitostí a krásou. Nejraději fotím houby v jejich přirozeném prostředí a studuji jejich vlastnosti. Jsem nadšená, když mohu své znalosti a fotografie sdílet s dalšími nadšenci.",
    "profile_picture": "profile_pictures/a3.jpg"
  }
},
{
  "model": "accounts.profile",
  "pk": 5,
  "fields": {
    "user": 3,
    "biography": "Jmenuji se Marcel Horák, na fóru mě najdete jako NatureLover22. Miluji přírodu a houby jsou jednou z mých největších vášní. Nejraději trávím víkendy procházením lesů a hledáním jedlých hub, které pak rád připravuji k jídlu. Své nadšení pro houby rád sdílím s komunitou.",
    "profile_picture": "profile_pictures/a4.jpg"
  }
},
{
  "model": "accounts.profile",
  "pk": 6,
  "fields": {
    "user": 5,
    "biography": "Jsem Jiří Procházka, na serveru vystupuji jako ShroomMaster. Houby jsou mým koníčkem už od mala, kdy jsem s rodiči chodil na houby. Fascinuje mě jejich rozmanitost a využití v kuchyni. Rád experimentuji s novými recepty a své znalosti a zážitky sdílím s ostatními houbaři.",
    "profile_picture": "profile_pictures/a5_LZzWxKF.png"
  }
},
{
  "model": "accounts.profile",
  "pk": 9,
  "fields": {
    "user": 10,
    "biography": "Jmenuji se Václav Majera houby sbírám už od dětství, kdy mě k tomu přivedl můj dědeček. Miluji procházky v lese, kdy mohu objevovat různé druhy hub a učit se o nich více. Sběr hub pro mě není jen koníček, ale i způsob, jak se uvolnit a užít si klid přírody. Každý nález mě potěší, ať už jde o běžné druhy, nebo vzácné exempláře. Rád zkouším nové recepty s houbami a sdílím své zkušenosti s ostatními houbaři.",
    "profile_picture": "profile_pictures/a2_7eJo3PI.jpg"
  }
},
{
  "model": "accounts.profile",
  "pk": 10,
  "fields": {
    "user": 11,
    "biography": "Jsem Tomáš a houbaření je pro mě vášní. Každý výlet do lesa je pro mě dobrodružstvím plným objevování. Fascinuje mě rozmanitost hub a jejich ekologie. Sbírání hub mi přináší radost a uspokojení z nalezených pokladů. Rád se také vzdělávám o různých druzích a jejich využití v kuchyni.",
    "profile_picture": "profile_pictures/a5_LHK8s41.jpg"
  }
},
{
  "model": "accounts.profile",
  "pk": 11,
  "fields": {
    "user": 12,
    "biography": "Jmenuji se Petra a sbírání hub je mým velkým koníčkem. Miluji procházky v lese a objevování nových druhů hub. Houbaření mě spojuje s přírodou a umožňuje mi relaxovat. Ráda zkouším nové recepty s čerstvě nasbíranými houbami. Je to také skvělá příležitost trávit čas s rodinou a přáteli.",
    "profile_picture": ""
  }
},
{
  "model": "accounts.profile",
  "pk": 12,
  "fields": {
    "user": 13,
    "biography": "Jsem Šimon a houbaření mě vždy fascinovalo. Už od dětství jsem se s rodiči toulal lesy a sbíral houby. Mám rád klid a ticho přírody, které houbaření přináší. Sbírání hub je pro mě způsob, jak uniknout od každodenního stresu. Rád také vařím a houby jsou skvělou ingrediencí do mých oblíbených jídel.",
    "profile_picture": "profile_pictures/a5.png"
  }
},
{
  "model": "accounts.profile",
  "pk": 13,
  "fields": {
    "user": 1,
    "biography": "Admin",
    "profile_picture": ""
  }
},
{
  "model": "accounts.profile",
  "pk": 14,
  "fields": {
    "user": 14,
    "biography": "Simonuv superuser",
    "profile_picture": ""
  }
},
{
  "model": "accounts.profile",
  "pk": 15,
  "fields": {
    "user": 15,
    "biography": "Nějaký text.",
    "profile_picture": ""
  }
},
{
  "model": "authtoken.token",
  "pk": "6cb66f6881139d15fc56472c34b3fd2f871a4641",
  "fields": {
    "user": 7,
    "created": "2024-07-22T15:41:20.051Z"
  }
},
{
  "model": "messaging.message",
  "pk": 1,
  "fields": {
    "sender": 6,
    "receiver": 10,
    "subject": "Prosba o radu",
    "content": "Ahoj\r\n\r\ndoufám, že se ti daří dobře. Obracím se na tebe s prosbou o radu ohledně houbaření. Vím, že máš v této oblasti hodně zkušeností, a ráda bych se od tebe něco přiučila.\r\n\r\nPlánuji výlet do lesa a chtěla bych vědět:\r\n\r\n    Jaké jsou nejlepší tipy na hledání hub v různých typech lesů?\r\n    Jaké vybavení bys doporučil/a mít s sebou při houbaření?\r\n    Jak rozpoznat jedlé houby od jedovatých, zejména pro začátečníky?\r\n    Jaké jsou tvé oblíbené recepty na přípravu čerstvě nasbíraných hub?\r\n\r\nBudu vděčná za jakékoli rady a tipy, které mi můžeš poskytnout. Předem moc děkuji za tvůj čas a pomoc.",
    "timestamp": "2024-07-09T23:07:36.345Z",
    "replied_to": null,
    "is_read": false,
    "is_deleted_by_sender": false,
    "is_deleted_by_receiver": false,
    "is_trashed_by_sender": false,
    "is_trashed_by_receiver": false
  }
},
{
  "model": "messaging.message",
  "pk": 2,
  "fields": {
    "sender": 10,
    "receiver": 6,
    "subject": "Re: Prosba o radu",
    "content": "Ahoj MycoFanatic,\r\n\r\nděkuji za tvoji zprávu! Rád ti pomůžu s radami ohledně houbaření.\r\n\r\n    Tipy na hledání hub: V různých typech lesů se houby chovají odlišně. V jehličnatých lesích často najdeš houby jako hřiby a kozáky. V listnatých lesích hledej hřiby, bedly a muchomůrky růžovky. Nejlepší čas na sběr hub je ráno po dešti, kdy je půda vlhká.\r\n\r\n    Vybavení na houbaření: Doporučuji mít s sebou košík na houby, malý nožík na čištění hub a atlas hub pro identifikaci. Také je dobré mít s sebou lahev s vodou a nějakou lehkou svačinu.\r\n\r\n    Rozpoznávání jedlých a jedovatých hub: Pro začátečníky je důležité se naučit rozpoznávat několik základních jedlých hub a jejich jedovaté protějšky. Například hřib smrkový a muchomůrka zelená. Vždy si dávej pozor na lamely, barvu klobouku a tvar třeně.\r\n\r\n    Oblíbené recepty: Mám rád jednoduché recepty, které zvýrazní chuť čerstvých hub. Například smaženice z hřibů s cibulkou a vajíčkem, nebo houbová polévka. Také rád připravuji houby na grilu s česnekem a bylinkami.\r\n\r\nPokud budeš mít další otázky, neváhej se na mě obrátit. Přeji ti hodně úspěchů při houbaření!\r\n\r\nS pozdravem,\r\nMushroomExpert",
    "timestamp": "2024-07-09T23:24:38.808Z",
    "replied_to": 1,
    "is_read": true,
    "is_deleted_by_sender": false,
    "is_deleted_by_receiver": false,
    "is_trashed_by_sender": false,
    "is_trashed_by_receiver": false
  }
},
{
  "model": "messaging.message",
  "pk": 3,
  "fields": {
    "sender": 10,
    "receiver": 5,
    "subject": "Otázka o houbách",
    "content": "Ahoj, chtěl/a bych se zeptat, jestli víš, kde bych mohl/a najít dobré místo na sbírání hřibů? Děkuji předem za radu!",
    "timestamp": "2024-07-09T23:27:28.680Z",
    "replied_to": null,
    "is_read": false,
    "is_deleted_by_sender": false,
    "is_deleted_by_receiver": false,
    "is_trashed_by_sender": false,
    "is_trashed_by_receiver": false
  }
},
{
  "model": "messaging.message",
  "pk": 8,
  "fields": {
    "sender": 6,
    "receiver": 5,
    "subject": "Ahoj",
    "content": "sdsadas",
    "timestamp": "2024-07-11T15:23:50.844Z",
    "replied_to": null,
    "is_read": false,
    "is_deleted_by_sender": false,
    "is_deleted_by_receiver": false,
    "is_trashed_by_sender": false,
    "is_trashed_by_receiver": false
  }
},
{
  "model": "messaging.message",
  "pk": 11,
  "fields": {
    "sender": 13,
    "receiver": 11,
    "subject": "pokus",
    "content": "asdsdfsdfsd",
    "timestamp": "2024-07-11T18:19:48.011Z",
    "replied_to": null,
    "is_read": false,
    "is_deleted_by_sender": false,
    "is_deleted_by_receiver": false,
    "is_trashed_by_sender": false,
    "is_trashed_by_receiver": false
  }
},
{
  "model": "messaging.message",
  "pk": 12,
  "fields": {
    "sender": 6,
    "receiver": 2,
    "subject": "ahoj",
    "content": "fdfsfsdf",
    "timestamp": "2024-07-11T20:05:25.937Z",
    "replied_to": null,
    "is_read": true,
    "is_deleted_by_sender": false,
    "is_deleted_by_receiver": true,
    "is_trashed_by_sender": false,
    "is_trashed_by_receiver": false
  }
},
{
  "model": "messaging.message",
  "pk": 14,
  "fields": {
    "sender": 6,
    "receiver": 2,
    "subject": "gfhfg",
    "content": "hfghfgh",
    "timestamp": "2024-07-11T20:10:45.976Z",
    "replied_to": null,
    "is_read": true,
    "is_deleted_by_sender": false,
    "is_deleted_by_receiver": false,
    "is_trashed_by_sender": false,
    "is_trashed_by_receiver": true
  }
},
{
  "model": "messaging.message",
  "pk": 15,
  "fields": {
    "sender": 6,
    "receiver": 2,
    "subject": "ahoj 11",
    "content": "dsfsdf fsdfsd f sdfsd",
    "timestamp": "2024-07-11T20:21:14.560Z",
    "replied_to": null,
    "is_read": false,
    "is_deleted_by_sender": false,
    "is_deleted_by_receiver": true,
    "is_trashed_by_sender": false,
    "is_trashed_by_receiver": true
  }
},
{
  "model": "messaging.message",
  "pk": 16,
  "fields": {
    "sender": 6,
    "receiver": 2,
    "subject": "vcbcvbcvb",
    "content": "cvbcvbcvbcv",
    "timestamp": "2024-07-11T20:26:01.885Z",
    "replied_to": null,
    "is_read": false,
    "is_deleted_by_sender": false,
    "is_deleted_by_receiver": true,
    "is_trashed_by_sender": false,
    "is_trashed_by_receiver": true
  }
},
{
  "model": "messaging.message",
  "pk": 17,
  "fields": {
    "sender": 2,
    "receiver": 6,
    "subject": "RE: vcbcvbcvb",
    "content": "ssddasdsad",
    "timestamp": "2024-07-11T20:33:26.483Z",
    "replied_to": 16,
    "is_read": true,
    "is_deleted_by_sender": true,
    "is_deleted_by_receiver": false,
    "is_trashed_by_sender": true,
    "is_trashed_by_receiver": false
  }
},
{
  "model": "messaging.message",
  "pk": 18,
  "fields": {
    "sender": 6,
    "receiver": 2,
    "subject": "RE: RE: vcbcvbcvb",
    "content": "nnvbnvbnvbnv",
    "timestamp": "2024-07-11T20:34:44.333Z",
    "replied_to": 17,
    "is_read": false,
    "is_deleted_by_sender": false,
    "is_deleted_by_receiver": true,
    "is_trashed_by_sender": false,
    "is_trashed_by_receiver": true
  }
},
{
  "model": "messaging.message",
  "pk": 19,
  "fields": {
    "sender": 2,
    "receiver": 3,
    "subject": "Fwd: vcbcvbcvb",
    "content": "------ Původní zpráva ------\r\nDatum: 2024-07-11 20:26:01.885217+00:00\r\nOd: MycoFanatic\r\nText:\r\ncvbcvbcvbcv\r\n------ Konec původní zprávy ------",
    "timestamp": "2024-07-11T21:03:21.511Z",
    "replied_to": null,
    "is_read": true,
    "is_deleted_by_sender": false,
    "is_deleted_by_receiver": false,
    "is_trashed_by_sender": false,
    "is_trashed_by_receiver": false
  }
},
{
  "model": "messaging.message",
  "pk": 23,
  "fields": {
    "sender": 3,
    "receiver": 2,
    "subject": "dfdf",
    "content": "fsdfsdfs",
    "timestamp": "2024-07-11T22:34:18.119Z",
    "replied_to": null,
    "is_read": true,
    "is_deleted_by_sender": false,
    "is_deleted_by_receiver": true,
    "is_trashed_by_sender": false,
    "is_trashed_by_receiver": false
  }
},
{
  "model": "messaging.message",
  "pk": 24,
  "fields": {
    "sender": 3,
    "receiver": 2,
    "subject": "dfd",
    "content": "sdfsdfs",
    "timestamp": "2024-07-11T22:35:58.495Z",
    "replied_to": null,
    "is_read": true,
    "is_deleted_by_sender": false,
    "is_deleted_by_receiver": true,
    "is_trashed_by_sender": false,
    "is_trashed_by_receiver": false
  }
},
{
  "model": "messaging.message",
  "pk": 26,
  "fields": {
    "sender": 3,
    "receiver": 4,
    "subject": "Fwd: Fwd: vcbcvbcvb",
    "content": "------ Původní zpráva ------\r\nDatum: 2024-07-11 21:03:21.511889+00:00\r\nOd: MushroomHunter\r\nText:\r\n------ Původní zpráva ------\r\nDatum: 2024-07-11 20:26:01.885217+00:00\r\nOd: MycoFanatic\r\nText:\r\ncvbcvbcvbcv\r\n------ Konec původní zprávy ------\r\n------ Konec původní zprávy ------",
    "timestamp": "2024-07-12T14:28:02.252Z",
    "replied_to": null,
    "is_read": false,
    "is_deleted_by_sender": false,
    "is_deleted_by_receiver": false,
    "is_trashed_by_sender": false,
    "is_trashed_by_receiver": false
  }
},
{
  "model": "messaging.message",
  "pk": 29,
  "fields": {
    "sender": 4,
    "receiver": 2,
    "subject": "zprava na test mazani",
    "content": "zprava na test mazani",
    "timestamp": "2024-07-12T22:28:58.031Z",
    "replied_to": null,
    "is_read": true,
    "is_deleted_by_sender": false,
    "is_deleted_by_receiver": true,
    "is_trashed_by_sender": false,
    "is_trashed_by_receiver": false
  }
},
{
  "model": "messaging.message",
  "pk": 30,
  "fields": {
    "sender": 4,
    "receiver": 2,
    "subject": "zprava na test mazani",
    "content": "zprava na test mazani",
    "timestamp": "2024-07-12T22:29:22.563Z",
    "replied_to": null,
    "is_read": true,
    "is_deleted_by_sender": false,
    "is_deleted_by_receiver": true,
    "is_trashed_by_sender": false,
    "is_trashed_by_receiver": false
  }
},
{
  "model": "messaging.message",
  "pk": 32,
  "fields": {
    "sender": 4,
    "receiver": 2,
    "subject": "2",
    "content": "2",
    "timestamp": "2024-07-12T22:41:11.011Z",
    "replied_to": null,
    "is_read": true,
    "is_deleted_by_sender": false,
    "is_deleted_by_receiver": true,
    "is_trashed_by_sender": false,
    "is_trashed_by_receiver": false
  }
},
{
  "model": "messaging.message",
  "pk": 33,
  "fields": {
    "sender": 4,
    "receiver": 2,
    "subject": "3",
    "content": "3",
    "timestamp": "2024-07-12T22:41:27.913Z",
    "replied_to": null,
    "is_read": true,
    "is_deleted_by_sender": false,
    "is_deleted_by_receiver": true,
    "is_trashed_by_sender": false,
    "is_trashed_by_receiver": false
  }
},
{
  "model": "messaging.message",
  "pk": 34,
  "fields": {
    "sender": 4,
    "receiver": 2,
    "subject": "4",
    "content": "4",
    "timestamp": "2024-07-12T22:41:36.603Z",
    "replied_to": null,
    "is_read": true,
    "is_deleted_by_sender": false,
    "is_deleted_by_receiver": true,
    "is_trashed_by_sender": false,
    "is_trashed_by_receiver": false
  }
},
{
  "model": "messaging.message",
  "pk": 38,
  "fields": {
    "sender": 4,
    "receiver": 2,
    "subject": "3",
    "content": "3 prilohy",
    "timestamp": "2024-07-13T20:18:12.589Z",
    "replied_to": null,
    "is_read": true,
    "is_deleted_by_sender": false,
    "is_deleted_by_receiver": true,
    "is_trashed_by_sender": false,
    "is_trashed_by_receiver": true
  }
},
{
  "model": "messaging.message",
  "pk": 45,
  "fields": {
    "sender": 2,
    "receiver": 4,
    "subject": "1111",
    "content": "1111",
    "timestamp": "2024-07-13T21:57:09.286Z",
    "replied_to": null,
    "is_read": false,
    "is_deleted_by_sender": false,
    "is_deleted_by_receiver": true,
    "is_trashed_by_sender": false,
    "is_trashed_by_receiver": true
  }
},
{
  "model": "messaging.message",
  "pk": 47,
  "fields": {
    "sender": 4,
    "receiver": 2,
    "subject": "3",
    "content": "3",
    "timestamp": "2024-07-14T20:16:30.396Z",
    "replied_to": null,
    "is_read": true,
    "is_deleted_by_sender": false,
    "is_deleted_by_receiver": true,
    "is_trashed_by_sender": false,
    "is_trashed_by_receiver": true
  }
},
{
  "model": "messaging.message",
  "pk": 48,
  "fields": {
    "sender": 4,
    "receiver": 2,
    "subject": "f",
    "content": "d",
    "timestamp": "2024-07-14T20:22:50.082Z",
    "replied_to": null,
    "is_read": true,
    "is_deleted_by_sender": false,
    "is_deleted_by_receiver": true,
    "is_trashed_by_sender": false,
    "is_trashed_by_receiver": true
  }
},
{
  "model": "messaging.message",
  "pk": 52,
  "fields": {
    "sender": 12,
    "receiver": 4,
    "subject": "3",
    "content": "3",
    "timestamp": "2024-07-14T20:34:02.508Z",
    "replied_to": null,
    "is_read": true,
    "is_deleted_by_sender": false,
    "is_deleted_by_receiver": true,
    "is_trashed_by_sender": false,
    "is_trashed_by_receiver": false
  }
},
{
  "model": "messaging.message",
  "pk": 53,
  "fields": {
    "sender": 12,
    "receiver": 4,
    "subject": "3",
    "content": "3",
    "timestamp": "2024-07-14T20:34:53.646Z",
    "replied_to": null,
    "is_read": true,
    "is_deleted_by_sender": false,
    "is_deleted_by_receiver": true,
    "is_trashed_by_sender": false,
    "is_trashed_by_receiver": true
  }
},
{
  "model": "messaging.message",
  "pk": 54,
  "fields": {
    "sender": 12,
    "receiver": 4,
    "subject": "3",
    "content": ",",
    "timestamp": "2024-07-14T20:38:46.718Z",
    "replied_to": null,
    "is_read": true,
    "is_deleted_by_sender": false,
    "is_deleted_by_receiver": true,
    "is_trashed_by_sender": false,
    "is_trashed_by_receiver": true
  }
},
{
  "model": "messaging.message",
  "pk": 55,
  "fields": {
    "sender": 12,
    "receiver": 4,
    "subject": "4",
    "content": "4",
    "timestamp": "2024-07-14T20:42:57.489Z",
    "replied_to": null,
    "is_read": true,
    "is_deleted_by_sender": false,
    "is_deleted_by_receiver": true,
    "is_trashed_by_sender": false,
    "is_trashed_by_receiver": false
  }
},
{
  "model": "messaging.message",
  "pk": 68,
  "fields": {
    "sender": 4,
    "receiver": 12,
    "subject": "nová",
    "content": "dsfdsfds",
    "timestamp": "2024-07-15T23:08:35.817Z",
    "replied_to": null,
    "is_read": false,
    "is_deleted_by_sender": true,
    "is_deleted_by_receiver": false,
    "is_trashed_by_sender": true,
    "is_trashed_by_receiver": false
  }
},
{
  "model": "messaging.message",
  "pk": 82,
  "fields": {
    "sender": 2,
    "receiver": 11,
    "subject": "test mazani 1",
    "content": "1",
    "timestamp": "2024-07-21T22:05:22.839Z",
    "replied_to": null,
    "is_read": false,
    "is_deleted_by_sender": false,
    "is_deleted_by_receiver": true,
    "is_trashed_by_sender": false,
    "is_trashed_by_receiver": true
  }
},
{
  "model": "messaging.message",
  "pk": 83,
  "fields": {
    "sender": 2,
    "receiver": 11,
    "subject": "zprava na test mazani 2",
    "content": "2",
    "timestamp": "2024-07-21T22:05:40.097Z",
    "replied_to": null,
    "is_read": false,
    "is_deleted_by_sender": false,
    "is_deleted_by_receiver": true,
    "is_trashed_by_sender": false,
    "is_trashed_by_receiver": true
  }
},
{
  "model": "messaging.message",
  "pk": 85,
  "fields": {
    "sender": 11,
    "receiver": 2,
    "subject": "test mazani 1",
    "content": "111",
    "timestamp": "2024-07-21T22:26:03.725Z",
    "replied_to": null,
    "is_read": false,
    "is_deleted_by_sender": false,
    "is_deleted_by_receiver": true,
    "is_trashed_by_sender": false,
    "is_trashed_by_receiver": true
  }
},
{
  "model": "messaging.message",
  "pk": 86,
  "fields": {
    "sender": 11,
    "receiver": 2,
    "subject": "zprava na test mazani 2",
    "content": "1",
    "timestamp": "2024-07-21T22:26:39.266Z",
    "replied_to": null,
    "is_read": false,
    "is_deleted_by_sender": false,
    "is_deleted_by_receiver": true,
    "is_trashed_by_sender": false,
    "is_trashed_by_receiver": true
  }
},
{
  "model": "messaging.message",
  "pk": 88,
  "fields": {
    "sender": 2,
    "receiver": 4,
    "subject": "mn,mn",
    "content": "mn,nm",
    "timestamp": "2024-07-21T22:33:36.781Z",
    "replied_to": null,
    "is_read": false,
    "is_deleted_by_sender": false,
    "is_deleted_by_receiver": false,
    "is_trashed_by_sender": false,
    "is_trashed_by_receiver": false
  }
},
{
  "model": "messaging.message",
  "pk": 89,
  "fields": {
    "sender": 2,
    "receiver": 4,
    "subject": "mn,nm,",
    "content": "m,mn,",
    "timestamp": "2024-07-21T22:33:53.399Z",
    "replied_to": null,
    "is_read": false,
    "is_deleted_by_sender": false,
    "is_deleted_by_receiver": false,
    "is_trashed_by_sender": false,
    "is_trashed_by_receiver": false
  }
},
{
  "model": "messaging.message",
  "pk": 98,
  "fields": {
    "sender": 2,
    "receiver": 4,
    "subject": "1",
    "content": "1",
    "timestamp": "2024-07-21T22:50:39.964Z",
    "replied_to": null,
    "is_read": false,
    "is_deleted_by_sender": false,
    "is_deleted_by_receiver": true,
    "is_trashed_by_sender": false,
    "is_trashed_by_receiver": true
  }
},
{
  "model": "messaging.message",
  "pk": 99,
  "fields": {
    "sender": 2,
    "receiver": 4,
    "subject": "2",
    "content": "2",
    "timestamp": "2024-07-21T22:50:47.686Z",
    "replied_to": null,
    "is_read": false,
    "is_deleted_by_sender": false,
    "is_deleted_by_receiver": false,
    "is_trashed_by_sender": false,
    "is_trashed_by_receiver": false
  }
},
{
  "model": "messaging.message",
  "pk": 103,
  "fields": {
    "sender": 4,
    "receiver": 2,
    "subject": "1",
    "content": "1",
    "timestamp": "2024-07-21T22:57:12.791Z",
    "replied_to": null,
    "is_read": false,
    "is_deleted_by_sender": true,
    "is_deleted_by_receiver": false,
    "is_trashed_by_sender": false,
    "is_trashed_by_receiver": true
  }
},
{
  "model": "messaging.message",
  "pk": 109,
  "fields": {
    "sender": 2,
    "receiver": 4,
    "subject": "22",
    "content": "22",
    "timestamp": "2024-07-21T23:02:32.818Z",
    "replied_to": null,
    "is_read": false,
    "is_deleted_by_sender": false,
    "is_deleted_by_receiver": true,
    "is_trashed_by_sender": false,
    "is_trashed_by_receiver": true
  }
},
{
  "model": "messaging.message",
  "pk": 110,
  "fields": {
    "sender": 2,
    "receiver": 4,
    "subject": "33",
    "content": "33",
    "timestamp": "2024-07-21T23:02:38.968Z",
    "replied_to": null,
    "is_read": true,
    "is_deleted_by_sender": false,
    "is_deleted_by_receiver": true,
    "is_trashed_by_sender": false,
    "is_trashed_by_receiver": true
  }
},
{
  "model": "messaging.message",
  "pk": 114,
  "fields": {
    "sender": 2,
    "receiver": 4,
    "subject": "11",
    "content": "111",
    "timestamp": "2024-07-22T22:30:28.869Z",
    "replied_to": null,
    "is_read": false,
    "is_deleted_by_sender": true,
    "is_deleted_by_receiver": false,
    "is_trashed_by_sender": true,
    "is_trashed_by_receiver": false
  }
},
{
  "model": "messaging.message",
  "pk": 115,
  "fields": {
    "sender": 2,
    "receiver": 4,
    "subject": "22",
    "content": "sdsadas",
    "timestamp": "2024-07-22T22:30:42.375Z",
    "replied_to": null,
    "is_read": false,
    "is_deleted_by_sender": true,
    "is_deleted_by_receiver": false,
    "is_trashed_by_sender": false,
    "is_trashed_by_receiver": false
  }
},
{
  "model": "messaging.message",
  "pk": 116,
  "fields": {
    "sender": 2,
    "receiver": 4,
    "subject": "333",
    "content": "dsdsadas",
    "timestamp": "2024-07-22T22:30:58.471Z",
    "replied_to": null,
    "is_read": false,
    "is_deleted_by_sender": true,
    "is_deleted_by_receiver": false,
    "is_trashed_by_sender": false,
    "is_trashed_by_receiver": false
  }
},
{
  "model": "messaging.message",
  "pk": 117,
  "fields": {
    "sender": 2,
    "receiver": 4,
    "subject": "444",
    "content": "dsadsda",
    "timestamp": "2024-07-22T22:31:12.484Z",
    "replied_to": null,
    "is_read": false,
    "is_deleted_by_sender": true,
    "is_deleted_by_receiver": false,
    "is_trashed_by_sender": true,
    "is_trashed_by_receiver": false
  }
},
{
  "model": "messaging.message",
  "pk": 118,
  "fields": {
    "sender": 2,
    "receiver": 4,
    "subject": "555",
    "content": "dasdas",
    "timestamp": "2024-07-22T22:31:25.780Z",
    "replied_to": null,
    "is_read": false,
    "is_deleted_by_sender": true,
    "is_deleted_by_receiver": false,
    "is_trashed_by_sender": true,
    "is_trashed_by_receiver": false
  }
},
{
  "model": "messaging.message",
  "pk": 120,
  "fields": {
    "sender": 13,
    "receiver": 2,
    "subject": "test mazani 1",
    "content": "dsfdsfs",
    "timestamp": "2024-07-23T10:59:29.080Z",
    "replied_to": null,
    "is_read": true,
    "is_deleted_by_sender": true,
    "is_deleted_by_receiver": false,
    "is_trashed_by_sender": false,
    "is_trashed_by_receiver": true
  }
},
{
  "model": "messaging.message",
  "pk": 121,
  "fields": {
    "sender": 13,
    "receiver": 2,
    "subject": "test mazaní 2",
    "content": "rerw",
    "timestamp": "2024-07-23T10:59:44.436Z",
    "replied_to": null,
    "is_read": true,
    "is_deleted_by_sender": true,
    "is_deleted_by_receiver": false,
    "is_trashed_by_sender": false,
    "is_trashed_by_receiver": true
  }
},
{
  "model": "messaging.message",
  "pk": 123,
  "fields": {
    "sender": 13,
    "receiver": 2,
    "subject": "test mazaní 4",
    "content": "fdgfdgdf",
    "timestamp": "2024-07-23T11:00:14.186Z",
    "replied_to": null,
    "is_read": true,
    "is_deleted_by_sender": false,
    "is_deleted_by_receiver": true,
    "is_trashed_by_sender": false,
    "is_trashed_by_receiver": true
  }
},
{
  "model": "messaging.message",
  "pk": 124,
  "fields": {
    "sender": 13,
    "receiver": 2,
    "subject": "test mazaní 6",
    "content": "fdgfdgdf",
    "timestamp": "2024-07-23T11:00:32.171Z",
    "replied_to": null,
    "is_read": true,
    "is_deleted_by_sender": false,
    "is_deleted_by_receiver": true,
    "is_trashed_by_sender": false,
    "is_trashed_by_receiver": true
  }
},
{
  "model": "messaging.message",
  "pk": 125,
  "fields": {
    "sender": 13,
    "receiver": 4,
    "subject": "test mazaní 7",
    "content": "fdgdfg",
    "timestamp": "2024-07-23T11:01:09.907Z",
    "replied_to": null,
    "is_read": false,
    "is_deleted_by_sender": false,
    "is_deleted_by_receiver": false,
    "is_trashed_by_sender": false,
    "is_trashed_by_receiver": false
  }
},
{
  "model": "messaging.message",
  "pk": 126,
  "fields": {
    "sender": 13,
    "receiver": 2,
    "subject": "test 8",
    "content": "rewrw",
    "timestamp": "2024-07-23T11:42:13.202Z",
    "replied_to": null,
    "is_read": false,
    "is_deleted_by_sender": false,
    "is_deleted_by_receiver": false,
    "is_trashed_by_sender": false,
    "is_trashed_by_receiver": false
  }
},
{
  "model": "messaging.message",
  "pk": 127,
  "fields": {
    "sender": 13,
    "receiver": 2,
    "subject": "test 9",
    "content": "gfgdf",
    "timestamp": "2024-07-23T11:42:29.626Z",
    "replied_to": null,
    "is_read": false,
    "is_deleted_by_sender": false,
    "is_deleted_by_receiver": false,
    "is_trashed_by_sender": false,
    "is_trashed_by_receiver": false
  }
},
{
  "model": "messaging.message",
  "pk": 128,
  "fields": {
    "sender": 13,
    "receiver": 2,
    "subject": "test 10",
    "content": "erwer",
    "timestamp": "2024-07-23T11:42:51.768Z",
    "replied_to": null,
    "is_read": false,
    "is_deleted_by_sender": false,
    "is_deleted_by_receiver": false,
    "is_trashed_by_sender": false,
    "is_trashed_by_receiver": false
  }
},
{
  "model": "messaging.message",
  "pk": 129,
  "fields": {
    "sender": 13,
    "receiver": 2,
    "subject": "test 11",
    "content": "rterter",
    "timestamp": "2024-07-23T11:43:02.071Z",
    "replied_to": null,
    "is_read": true,
    "is_deleted_by_sender": false,
    "is_deleted_by_receiver": true,
    "is_trashed_by_sender": false,
    "is_trashed_by_receiver": true
  }
},
{
  "model": "messaging.attachment",
  "pk": 2,
  "fields": {
    "message": 8,
    "file": "attachments/kdy_rostou.jpg"
  }
},
{
  "model": "messaging.attachment",
  "pk": 3,
  "fields": {
    "message": 11,
    "file": "attachments/a1_SwhGCYQ.jpg"
  }
},
{
  "model": "messaging.attachment",
  "pk": 4,
  "fields": {
    "message": 15,
    "file": "attachments/a3.png"
  }
},
{
  "model": "messaging.attachment",
  "pk": 5,
  "fields": {
    "message": 16,
    "file": "attachments/choroš_šupinatý.jpg"
  }
},
{
  "model": "messaging.attachment",
  "pk": 6,
  "fields": {
    "message": 17,
    "file": "attachments/a3.jpg"
  }
},
{
  "model": "messaging.attachment",
  "pk": 7,
  "fields": {
    "message": 19,
    "file": "attachments/choroš_šupinatý.jpg"
  }
},
{
  "model": "messaging.attachment",
  "pk": 14,
  "fields": {
    "message": 23,
    "file": "attachments/a3_OJ0JI2Y.jpg"
  }
},
{
  "model": "messaging.attachment",
  "pk": 15,
  "fields": {
    "message": 24,
    "file": "attachments/Muchomůrka_tygrovaná.jpg"
  }
},
{
  "model": "messaging.attachment",
  "pk": 17,
  "fields": {
    "message": 26,
    "file": "attachments/choroš_šupinatý.jpg"
  }
},
{
  "model": "messaging.attachment",
  "pk": 18,
  "fields": {
    "message": 26,
    "file": "attachments/Muchomůrka_růžovka.jpg"
  }
},
{
  "model": "messaging.attachment",
  "pk": 24,
  "fields": {
    "message": 38,
    "file": "attachments/a3_kHv30BI.png"
  }
},
{
  "model": "messaging.attachment",
  "pk": 31,
  "fields": {
    "message": 45,
    "file": "attachments/a5_5I26EyJ.png"
  }
},
{
  "model": "messaging.attachment",
  "pk": 33,
  "fields": {
    "message": 47,
    "file": "attachments/a3_Pw3OkjM.png"
  }
},
{
  "model": "messaging.attachment",
  "pk": 34,
  "fields": {
    "message": 48,
    "file": "attachments/a3_3TsK8IV.png"
  }
},
{
  "model": "messaging.attachment",
  "pk": 40,
  "fields": {
    "message": 52,
    "file": "attachments/a4_nJ3NCVX.jpg"
  }
},
{
  "model": "messaging.attachment",
  "pk": 41,
  "fields": {
    "message": 52,
    "file": "attachments/a5_OMStiAf.jpg"
  }
},
{
  "model": "messaging.attachment",
  "pk": 42,
  "fields": {
    "message": 52,
    "file": "attachments/a5_cGVOYOZ.jpg"
  }
},
{
  "model": "messaging.attachment",
  "pk": 43,
  "fields": {
    "message": 53,
    "file": "attachments/a3_uUz8sug.png"
  }
},
{
  "model": "messaging.attachment",
  "pk": 44,
  "fields": {
    "message": 54,
    "file": "attachments/a3_qFPyxT4.jpg"
  }
},
{
  "model": "messaging.attachment",
  "pk": 45,
  "fields": {
    "message": 55,
    "file": "attachments/a3_jYukby0.png"
  }
},
{
  "model": "messaging.attachment",
  "pk": 46,
  "fields": {
    "message": 55,
    "file": "attachments/a3_sZqrgJs.png"
  }
},
{
  "model": "messaging.attachment",
  "pk": 47,
  "fields": {
    "message": 55,
    "file": "attachments/a8_EuB8Vku.png"
  }
},
{
  "model": "messaging.attachment",
  "pk": 48,
  "fields": {
    "message": 55,
    "file": "attachments/a5.png"
  }
},
{
  "model": "messaging.attachment",
  "pk": 49,
  "fields": {
    "message": 55,
    "file": "attachments/a6.png"
  }
},
{
  "model": "messaging.attachment",
  "pk": 85,
  "fields": {
    "message": 68,
    "file": "attachments/a3_nSSfGYk.png"
  }
},
{
  "model": "messaging.attachment",
  "pk": 86,
  "fields": {
    "message": 68,
    "file": "attachments/a4_S7mDv0U.jpg"
  }
},
{
  "model": "messaging.attachment",
  "pk": 108,
  "fields": {
    "message": 82,
    "file": "attachments/a3_4xlUgWi.png"
  }
},
{
  "model": "messaging.attachment",
  "pk": 109,
  "fields": {
    "message": 85,
    "file": "attachments/a3_o0uCDgH.png"
  }
},
{
  "model": "messaging.attachment",
  "pk": 117,
  "fields": {
    "message": 120,
    "file": "attachments/a4_2sojFBR.jpg"
  }
}
]
